"pondday","temp","ph","do","chl","pc","amm","B1","B2","B3","B4","B5","B6","B7","B8","B8A","B9","B11","B12","AOT","dark","dark_filtered","B2_norm","B3_norm","B4_norm","dark_norm","transmission","B2_dehazed","B3_dehazed","B4_dehazed","B2_normalised","B3_normalised","B4_normalised","B5_normalised","NDMI","NDWI_b","NDCI_b","NDTI_b","MNDWI_b","NDVI_b","mNDHI_b","NDWI_dehazed","NDCI_dehazed","NDTI_dehazed","MNDWI_dehazed","NDVI_dehazed","NDWI_normalised","NDCI_normalised","NDTI_normalised","cells_count","cells_prop","pond","day","dark_day"
"GIL2_1",28.4,8.19,3.4,61.55,1.6,0.06,229.555555555556,287.666666666667,423.888888888889,284.444444444444,456.444444444444,264.888888888889,272.444444444444,236,217.555555555556,658.555555555556,241.222222222222,172.666666666667,456,275.111111111111,246.444444444444,0.211795133186083,0.247354141105824,0.137796824213817,0.137796824213817,0.862203175786183,116.310503736647,217.759966294702,0,685.246942988725,1019.20867729956,708.277999114653,1035.25616793932,-0.00348492511621649,0.328060300974606,0.233357733383665,-0.201333902593538,0.323199887069868,-0.142345876764272,-0.00945914508903687,0.0225184269399236,1,-1,0.0195922489160026,1,0.644344436376651,0.188789155283827,-0.18451501244593,9,1,"GIL2",1,362.527132419342
"GIL2_2",28.7,8.23,2.5,55.76,2.1,0.06,NA,NA,NA,NA,NA,NA,NA,NA,NA,NA,NA,NA,NA,NA,NA,NA,NA,NA,NA,NA,NA,NA,NA,NA,NA,NA,NA,NA,NA,NA,NA,NA,NA,NA,NA,NA,NA,NA,NA,NA,NA,NA,0,0,"GIL2",2,910.69109947644
"GIL2_3",29.2,8.33,7.7,56.81,2,0.13,325.333333333333,379.333333333333,504.555555555556,353.555555555556,540.222222222222,358.333333333333,370.333333333333,297.333333333333,280.555555555556,640.222222222222,247.666666666667,168.555555555556,504,345.888888888889,313.222222222222,0.279000471475719,0.29682424754377,0.176893438872425,0.176893438872425,0.823106561127575,168.384927002183,247.568112146919,0,1231.20199069566,1805.85381372783,1443.67315457556,1991.23561453086,0.117628341475937,0.305993089089308,0.209897025680021,-0.181003309550146,0.401093178568766,-0.137012414127957,-0.0403870064050194,-0.0245736192172005,1,-1,0.0898397910752572,1,0.733766486738009,0.160490433899765,-0.116689178685448,9,1,"GIL2",3,410.59754601227
"GIL2_4",29,8.28,4.2,66.67,2.09,0.09,682,608.555555555556,744,553.555555555556,745,560.222222222222,541.111111111111,467.111111111111,468.333333333333,840,355.666666666667,225.666666666667,480,548.555555555556,517.142857142857,0.387157037979541,0.406970383683676,0.272438226034514,0.272438226034514,0.727561773965486,247.037540837323,337.727501299916,-5.05274834318293e-14,806.888829959633,1066.81961571551,839.483705725744,1063.6778983438,0.152997351079752,0.244515347653645,0.147176014326714,-0.148275620263709,0.378323236423366,-0.101542950788999,-0.049107848553491,-0.13789197570042,1,-1,0.0147529694819169,1,0.403343731440882,0.117549493117821,-0.120786936714244,9,1,"GIL2",4,612.44705527941
"GIL2_5",29.6,8.25,2.2,75.52,2.08,0.11,610.625,646.875,730,546.625,755.375,588.5,586.875,476.375,461.875,985.25,321.25,214.75,552,546.625,530,0.473034734917733,0.412080158058143,0.258757396449704,0.258757396449704,0.741242603550296,395.474879507929,366.460900562033,-1.13686837721616e-13,980.708004851425,1169.68434545746,908.769742310889,1163.72669850562,0.198140418174913,0.211134597494621,0.160348470424927,-0.143783447711884,0.391661358158635,-0.0696193181148373,-0.0839800178914806,-0.12908029320925,1,-1,0.0708134449541627,1,0.421763582744365,0.123042595368105,-0.125677598114291,8,0.888888888888889,"GIL2",5,643.150123631226
"GOW2_1",28.5,8.48,8.79,185.36,6.53,0.33,341.277777777778,414.5,570.888888888889,355.333333333333,665.111111111111,529.944444444444,572.166666666667,496.777777777778,461.055555555556,810.166666666667,342.888888888889,249.611111111111,456,352.888888888889,307.833333333333,0.305176417284929,0.333133834076468,0.172138376498354,0.172138376498354,0.827861623501646,218.147716593897,333.526110452324,0,987.374940447832,1372.65902594107,884.794156706507,1508.5305309846,0.198629767503723,0.12078515231659,0.30516067493181,-0.23702455206631,0.302374892224226,0.115363271092874,-0.0818201965233263,-0.135648946982524,1,-1,0.0570432019514892,1,0.498502511070711,0.262259131287485,-0.220473635814698,18,1,"GOW2",1,362.527132419342
"GOW2_2",29.4,8.42,6.73,123.2,8.32,0.17,1344.3125,1172.8125,1163.9375,908,1171.4375,1085.6875,1044.5,897.9375,883.8125,1305.6875,455.6875,283.6875,431.8125,908,866,0.508591717259324,0.560663535645472,0.553321145642901,0.508591717259324,0.491408282740676,5.6843418860808e-14,219.393759618654,149.873110416599,1064.45135233255,1113.81578947368,880.271449345613,1060.31634685011,0.333148515505328,0.130186421159867,0.12635473383788,-0.123667390574926,0.442469104383274,-0.00672251430942077,-0.1273749317009,-0.612531724339541,0.776250968056591,-0.187157322509371,-0.351808129402265,0.71800656136298,0.108511042239488,0.0924562693066222,-0.117260942880351,16,0.888888888888889,"GOW2",2,910.69109947644
"GOW2_3",29.5,8.87,11.04,131.93,9.69,0.11,320.555555555556,368.277777777778,512.277777777778,309.722222222222,609.166666666667,519.333333333333,583.055555555556,452.222222222222,396.777777777778,575.944444444444,269.222222222222,170.166666666667,504,306.944444444444,271.625,0.270869086908691,0.3013671423256,0.154962432701724,0.154962432701724,0.845037567298276,186.224740141572,294.488133096908,-6.31593542897867e-14,1195.31898012911,1833.49240435855,1264.68853500295,2245.36183806364,0.306433198729681,0.117959024301458,0.328052866160976,-0.250880058882866,0.387491557347008,0.132118933379106,-0.0913961473584078,-0.144083632472494,1,-1,0.154742377968001,1,0.626730660862043,0.281653106135585,-0.188294598070691,18,1,"GOW2",3,410.59754601227
"GOW2_4",30.1,8.55,11.51,127.99,6.82,0.14,1676.5,1312.5,1367.25,1078,1394.5,1273.5,1256,1165,1111.75,1880.5,781.5,499.75,480,1078,NA,0.834999545578479,0.747890130499336,0.530549110595514,0.530549110595514,0.469450889404486,1026.23541570353,851.533092223583,1.13686837721616e-13,1740.25457438345,1960.4961284772,1634.81953290871,1991.00513992005,0.201884199522444,0.0811901580313086,0.128234812298447,-0.118371778171118,0.277672848350716,0.0374173806862822,-0.0980986525801821,-0.155791036073674,1,-1,0.0474997646668343,1,0.255568122451725,0.0984651742260737,-0.0906659535165639,4,0.222222222222222,"GOW2",4,612.44705527941
"GOW2_5",30.3,8.35,7.5,99.03,6.67,0.13,NA,NA,NA,NA,NA,NA,NA,NA,NA,NA,NA,NA,NA,NA,NA,NA,NA,NA,NA,NA,NA,NA,NA,NA,NA,NA,NA,NA,NA,NA,NA,NA,NA,NA,NA,NA,NA,NA,NA,NA,NA,NA,0,0,"GOW2",5,643.150123631226
"GRA1_1",28.3,8.37,3.2,276.81,10.47,0.12,301.8,427.325,633.475,399.5,818.2,580,586.3,493.7,372.8,491.125,210.65,165.2,456,390.75,352.1,0.314618848048932,0.369655040847473,0.193534563070617,0.193534563070617,0.806465436929383,202.747161124651,372.579782731253,0,1017.92520247737,1523.14258235153,994.770916334661,1855.7496030846,0.462505592052918,0.150039675227123,0.349850770572188,-0.234655441335027,0.562831883619982,0.0871389742188896,-0.0415100404027238,-0.104814736890648,1,-1,0.368898275917854,1,0.526236942599422,0.308295817533513,-0.218102220011598,40,1,"GRA1",1,362.527132419342
"GRA1_2",28.9,8.43,3,148.63,7.61,0.12,1908.33333333333,1617,1582.66666666667,1274,1587,1374.33333333333,1339,1231,1120.33333333333,2092.33333333333,663,502,432,1274,NA,0.701214223764094,0.762363519588953,0.776355880560634,0.701214223764094,0.298785776235906,0,424.077187045789,412.629170669582,1467.59847522236,1514.51355661882,1235.09452253999,1436.45908761767,0.300556222706956,0.12590753134908,0.109402106196582,-0.108052251348648,0.410675655389246,-0.018146866527337,-0.118444459659626,-0.48743089326143,0.5884893436813,-0.0143567952986945,-0.219522960759593,0.498283515686328,0.104200439758254,0.0753772449331046,-0.101622328941001,3,0.075,"GRA1",2,910.69109947644
"GRA1_3",29.2,8.48,3.3,111.26,5.64,0.17,456.15,561.75,750.25,505.2,908.2,630.075,639.875,500.325,403.875,355.525,188.425,137.175,504,497.625,452.625,0.413168316831683,0.441363471807404,0.252765269599353,0.252765269599353,0.747234730400647,290.330421545585,427.089479491499,3.41060513164848e-14,1823.27166504382,2685.2183249821,2062.88280930992,3347.58569848876,0.53285362745215,0.224248372821931,0.288674448851049,-0.200320076634149,0.661677691452599,-0.0262945018903418,-0.0581550225428669,-0.0454956715834473,1,-1,0.487694087273199,1,0.695001017363928,0.241127173761508,-0.136433606202583,40,1,"GRA1",3,410.59754601227
"GRA1_4",28.4,8.54,4,132.52,5.78,0.15,775.325,739.275,914.225,658.6,1052.05,801.675,798.725,664.175,578.75,572.025,280.55,192.2,480,652.85,621.333333333333,0.470319458329547,0.500084004063452,0.324136961259931,0.324136961259931,0.675863038740069,337.515291828013,473.798464178853,-1.70530256582424e-14,980.210819411297,1310.90478921709,998.786775856839,1502.07024557396,0.450991030110136,0.172347318529145,0.231555898881702,-0.164991052016109,0.570340872590382,-0.00821105691205626,-0.0602973201192819,-0.147951826112207,1,-1,0.321459779287856,1,0.338936444192783,0.202829077411389,-0.137644616653983,40,1,"GRA1",4,612.44705527941
"GRA1_5",30.1,8.57,4.7,114.96,5.27,0.18,658.975,751.775,912.1,680.15,1068.375,864.8,892.575,727.35,657.05,767.075,304.05,219.475,552,673.175,640.521739130435,0.549744058500914,0.514874400225797,0.32196449704142,0.32196449704142,0.67803550295858,458.815899720787,502.275190197763,3.41060513164848e-14,1139.74378411158,1461.46450889281,1130.75644222776,1645.93283007241,0.450701886330774,0.126608314195631,0.223659236175779,-0.148268858702315,0.539610229481399,0.0217169041541163,-0.0527134652171733,-0.164435304073395,1,-1,0.306790758636188,1,0.346319278371464,0.187201913019558,-0.130201855005564,40,1,"GRA1",5,643.150123631226
"JAG1_1",28.4,8.22,2.1,253.65,7.19,0.25,400.736842105263,476.263157894737,670,434.736842105263,807.947368421053,586.947368421053,606,528,465.631578947368,624.157894736842,327.789473684211,227.315789473684,462,431.789473684211,374.631578947368,0.350649660340464,0.390968668641709,0.210604767928766,0.210604767928766,0.789395232071235,241.315759762799,391.636853708582,0,1134.50013791028,1610.96417408031,1082.51205703502,1832.49573241337,0.246789674166418,0.141301817160935,0.302952926978756,-0.215976929162289,0.368511955531567,0.0740009070439292,-0.0474181199085418,-0.119568483669374,1,-1,0.125348509492247,1,0.518192279526593,0.260031081488208,-0.199260253834089,19,1,"JAG1",1,362.527132419342
"JAG1_2",29.2,8.3,2.1,158.34,7.17,0.03,1874.33333333333,1457.83333333333,1409.33333333333,1181.33333333333,1431.5,1318.66666666667,1295.66666666667,1092.66666666667,1194.66666666667,2232,779.833333333333,592,432,1181.33333333333,NA,0.632191384793293,0.678869621066153,0.719886248222628,0.632191384793293,0.367808615206707,0,268.123922614318,405.384829883633,1323.13789556483,1348.64433811802,1145.25771530134,1295.70963070239,0.17566017167317,0.134227793996967,0.0956690653122578,-0.0889635943149125,0.301657167171895,-0.0462426199925724,-0.105634641081211,-0.606095585771658,0.585238676546568,0.177477273775181,-0.49272648599511,0.479604351599379,0.11265678651489,0.0615600795617629,-0.0825115651685069,6,0.315789473684211,"JAG1",2,910.69109947644
"JAG1_3",28.9,8.28,2.8,138.85,6.22,0.25,366.263157894737,451.210526315789,665.684210526316,423.578947368421,824.052631578947,569.684210526316,595.631578947368,476.526315789474,429,355.947368421053,256.210526315789,177.315789473684,509.526315789474,418.736842105263,373.105263157895,0.331866299411896,0.391614387584492,0.211928042019377,0.211928042019377,0.788071957980623,206.856291342357,387.413668901077,-5.9835177748219e-14,1464.49375629922,2382.54907131824,1729.59962175754,3037.42215841853,0.336275075201136,0.19756495757748,0.323648987393685,-0.225713634567325,0.483967686460133,0.0245330585247686,-0.0348190187501776,-0.0622808303874024,1,-1,0.264128312514421,1,0.677264816955365,0.277147472617014,-0.162430662118658,19,1,"JAG1",3,410.59754601227
"JAG1_4",29.3,8.33,4.5,154.75,6.48,0.21,772.263157894737,727.157894736842,914.157894736842,656.210526315789,1034.21052631579,836.736842105263,851.473684210526,730,687.210526315789,627.263157894737,372.578947368421,237.684210526316,486.684210526316,656.052631578947,604,0.462610675557384,0.500047297269508,0.322960956493744,0.322960956493744,0.677039043506256,323.883802221154,477.892871392767,1.19670355496438e-14,964.144649611299,1310.80856715922,995.163066902926,1476.59983768674,0.338962559909794,0.124354680970166,0.224101764921441,-0.165313628764891,0.438190579264978,0.0404098950331151,-0.0523455923418903,-0.192911791651376,1,-1,0.151811397037684,1,0.294436265576775,0.19527590187983,-0.137959256427589,19,1,"JAG1",4,612.44705527941
"JAG1_5",29.8,8.3,3.6,182.92,7.41,0.41,685.473684210526,750.578947368421,900.789473684211,657.526315789474,1062.52631578947,879.684210526316,914.736842105263,765.210526315789,714.684210526316,831.473684210526,403.842105263158,286.578947368421,552,657.526315789474,584.153846153846,0.548869431348023,0.50848968314096,0.311255060728745,0.311255060728745,0.688744939271255,473.602522922485,508.115649802365,0,1137.93048418499,1443.34156975518,1093.14433215208,1636.92237835383,0.322337474030348,0.0950126150954624,0.236744594238646,-0.157513291572119,0.399114830533485,0.062132683024848,-0.0667983441440166,-0.185715904969741,1,-1,0.141616857069951,1,0.317325991725126,0.200504413348548,-0.139489493302163,19,1,"JAG1",5,643.150123631226
"JKS1_1",28.6,8.34,2,110.52,6.8,0.16,374.75,420,569.75,484.5,813.75,747.5,783.5,734.5,713.25,1316.75,710.5,479,456,420,357,0.309225802797757,0.332469252177036,0.234712129681386,0.234712129681386,0.765287870318614,131.715553405326,218.656774898765,0,1000.47641734159,1369.92065400337,1206.42430278884,1845.65661147653,0.00184814590103242,-0.0841647954272075,0.255061423551446,-0.0842634845969626,-0.0828593291869993,0.165470020510933,0.0674372294545141,-0.492653854125847,1,-1,-0.496677299807141,1,0.328525553504556,0.210937436800104,-0.0668920879523858,4,1,"JKS1",1,362.527132419342
"JKS1_2",29.3,7.89,1.21,52.38,5.6,0.03,NA,NA,NA,NA,NA,NA,NA,NA,NA,NA,NA,NA,NA,NA,NA,NA,NA,NA,NA,NA,NA,NA,NA,NA,NA,NA,NA,NA,NA,NA,NA,NA,NA,NA,NA,NA,NA,NA,NA,NA,NA,NA,0,0,"JKS1",2,910.69109947644
"JKS1_3",29.3,8.36,3.17,81.72,4.79,0.11,426.25,480,618,524.75,848,706.75,736.75,665.5,669.25,1145.25,700.5,481.25,504,473.75,374.25,0.353041018387553,0.363562313331523,0.262546665127199,0.262546665127199,0.737453334872802,166.005752555145,232.416420529315,0,1557.93573515092,2211.88260558339,2142.71131073908,3125.69111684482,-0.0365472447900601,-0.00403955481554763,0.235791718669847,-0.0851422222077705,-0.0391517936074361,0.0870083386536848,0.0404636355831176,-0.438996559096948,1,-1,-0.471046354244958,1,0.550939819664511,0.186905026626032,-0.0195346242339753,4,1,"JKS1",3,410.59754601227
"JKS1_4",29.4,7.94,3.6,85.07,2.91,0.1,751.25,670,800.75,677.75,990.5,860,863.5,777.75,782.25,1340.5,777,507.5,480,655.5,542,0.426247387076252,0.438012815503634,0.333561836462068,0.333561836462068,0.666438163537932,217.383982379632,286.049439872115,0,888.358525590029,1148.19328936048,1027.82832878374,1414.19189034837,-0.00431490535759938,0.0347586033989504,0.187943831137684,-0.0851011989497085,0.0309925763268947,0.0491753784780041,0.0034560514894954,-0.435187743073839,1,-1,-0.439940619667897,1,0.20911860920418,0.158693720599165,-0.0572486677065537,4,1,"JKS1",4,612.44705527941
"JKS1_5",30.3,7.96,2.35,74.61,4.99,0.1,632.25,675.25,793,656.25,982.5,914.5,959.75,849.75,843.75,1391,759.75,515.5,552,647.25,NA,0.493784277879342,0.447643240191928,0.310650887573965,0.310650887573965,0.689349112426035,362.791971690295,351.588407479111,0,1023.72650090964,1270.62970677776,1091.02244389027,1513.63426282545,0.0552723985484838,-0.0174527573437321,0.19991069649698,-0.0965916188874491,0.0371881048590332,0.113071538868744,-0.0168577082433386,-0.392866067581719,1,-1,-0.346006868861925,1,0.212080047072388,0.163092841084633,-0.0783078894167202,4,1,"JKS1",5,643.150123631226
"KIS1_1",28.9,8.03,3.3,95.45,2.91,0.03,330.25,374.125,502.25,384.625,616.125,531.375,563.875,512.125,501.125,1071.625,419.25,289.5,456,361.25,308.25,0.275450246361217,0.293080617649699,0.186328488913732,0.186328488913732,0.813671511086268,148.206891935722,225.125947057123,0,891.198189614102,1207.62202452513,957.731573705179,1397.42572011794,0.0992409404802372,0.106419689143877,0.232468954155302,-0.142661951237352,0.197317672953878,0.0316342368310377,0.00252412451389217,-0.252349828575992,1,-1,-0.162104601906424,1,0.477472480613964,0.187880463742708,-0.125526520168797,8,1,"KIS1",1,362.527132419342
"KIS1_2",29.5,8.06,3.84,44.31,2.5,0.04,1337.71428571429,1202.71428571429,1224.57142857143,1001,1234.57142857143,1165,1175.85714285714,1060,1078.42857142857,1536.71428571429,655.714285714286,399,432,1001,NA,0.521558666831867,0.589870630333058,0.609993906154784,0.521558666831867,0.478441333168133,6.49639072694949e-14,299.025393347929,306.089696655821,1091.59038456552,1171.83868762816,970.431410567135,1117.46146684597,0.266431064093753,0.0931035574157359,0.103653685607338,-0.100980932302133,0.341909221880551,0.00663284766926732,-0.0922960449218301,-0.551886401368627,0.614211211712683,-0.00586194752994535,-0.328189601455338,0.556358953198709,0.0715746071285357,0.069593124073394,-0.0945431383855454,7,0.875,"KIS1",2,910.69109947644
"KIS1_3",30.1,8.53,6.88,52.15,2.49,0.08,318.75,376.25,549,392.75,664.5,508.5,510.5,441.75,460.125,796.625,366.125,241,504,367.5,327.375,0.276732673267327,0.322970404561499,0.196503483046607,0.196503483046607,0.803496516953393,134.79099598899,266.989009937225,-2.8421709430404e-14,1221.19441739695,1964.92483894059,1603.71580236831,2449.31809804644,0.11214463966764,0.25931234152958,0.259424979578224,-0.175458187264289,0.346259141318535,-0.104885107583415,0.0117995519430733,-0.0460310200379503,1,-1,0.052936116165973,1,0.68669544043658,0.211102958928392,-0.111144052715986,8,1,"KIS1",3,410.59754601227
"KIS1_4",29.9,8.1,5.55,32.1,1.06,0.1,861.5,793,939.5,735.875,1017.875,924.625,947.625,852.25,842.625,1060,544.75,335.875,480,730.875,688.5,0.504498773061892,0.513909510041416,0.362168670463334,0.362168670463334,0.637831329536666,349.497698984593,434.126058607923,5.6843418860808e-14,1051.44523998939,1347.14654430743,1115.97664543524,1453.27669902913,0.259769087815386,0.0793834517477029,0.160021652864814,-0.123078884954874,0.32147186390705,0.0421364904648725,-0.0390950907426507,-0.286767547870457,1,-1,-0.0291133328145181,1,0.250359443231422,0.1305047189112,-0.0954166972726332,8,1,"KIS1",4,612.44705527941
"KIS1_5",31,8.11,7.06,41.81,2.78,0.17,630.571428571429,691.714285714286,794.142857142857,625.428571428571,905.571428571429,828.285714285714,862.428571428571,766.571428571429,785.142857142857,1191.14285714286,540.714285714286,357.142857142857,552,613.857142857143,NA,0.50582397492818,0.448288375468731,0.296060862214708,0.296060862214708,0.703939137785292,406.941487522716,383.20495559034,6.49639072694949e-14,1048.68751624361,1272.46091514638,1039.78149863437,1395.11851574708,0.215091392150775,0.0840090032337848,0.182457145205088,-0.123535817303628,0.281185209979314,0.0365523556323947,-0.0562370632971542,-0.254496186175494,1,-1,-0.0446092585782293,1,0.300847312769399,0.145411517215846,-0.105362386219654,7,0.875,"KIS1",5,643.150123631226
"NRO1_1",28.7,8.07,1.6,267.14,14.88,0.26,338.95652173913,415.739130434783,553.391304347826,420.978260869565,834.45652173913,752,794.804347826087,728.347826086957,671.369565217391,887.630434782609,502.5,364.695652173913,456,392.195652173913,304.826086956522,0.306088729436041,0.322923375371296,0.203939533866382,0.203939533866382,0.796060466133618,175.418092669362,258.393324775587,-9.8858119757927e-15,990.326656585952,1330.58741127152,1048.25264160748,1892.62082499236,0.247750139787589,-0.0675004955370612,0.347639727304475,-0.153986576139024,0.174197405624571,0.219596308221304,-0.0131200446520264,-0.395488993503854,1,-1,-0.158832835330921,1,0.343341747913539,0.30616601317067,-0.136930943988833,46,1,"NRO1",1,362.527132419342
"NRO1_2",29.6,8.28,6.5,189.65,16,0.2,1438.14634146341,1268.9512195122,1260.75609756098,1020.92682926829,1340.82926829268,1150.36585365854,1115.9512195122,966.975609756098,949.560975609756,1291.87804878049,569.756097560976,387.170731707317,426.780487804878,1020.92682926829,936.8,0.55028240221691,0.607300625029372,0.622137007476108,0.55028240221691,0.44971759778309,0,266.888580810481,271.830847426994,1151.70740562007,1206.46516513012,989.749713299363,1213.63981561611,0.288996997544221,0.143661218214252,0.136067983433069,-0.106231531572848,0.408187046616294,-0.0387508128793292,-0.109490011716393,-0.56535742946707,0.678608029754059,-0.027481803007963,-0.324599321960899,0.580951847997987,0.12220467438645,0.102248623615333,-0.0998007598515231,41,0.891304347826087,"NRO1",2,910.69109947644
"NRO1_3",29.3,8.13,1.1,137.97,12.4,0.21,361.434782608696,443.347826086957,583.108695652174,435.369565217391,836.239130434783,736.282608695652,786.086956521739,685.847826086957,654.95652173913,598.630434782609,470.869565217391,325.217391304348,504,405.673913043478,330.130434782609,0.326083266711764,0.343036159085812,0.217827208090909,0.217827208090909,0.782172791909091,185.407835505991,270.509704981604,4.94290598789635e-15,1438.97379450489,2087.00320562696,1777.74424343565,3082.34106315806,0.297532126636473,0.00169682547123851,0.327668516757436,-0.161373459147933,0.275364114175286,0.158675577411528,-0.0272355189202034,-0.332394699909639,1,-1,-0.034040153865041,1,0.546845392593301,0.28138815596771,-0.0969157985581918,46,1,"NRO1",3,410.59754601227
"NRO1_4",30,8.24,5.3,134.54,10.82,0.18,731.613636363636,676.75,770.75,620.477272727273,953.477272727273,851.5,865.522727272727,775.5,764.045454545455,798.818181818182,524.818181818182,346.568181818182,480,604.840909090909,523.939393939394,0.430541670453513,0.421602719387356,0.30537445750481,0.30537445750481,0.69462554249519,278.127933926584,302.762815179312,-5.16758353280073e-15,897.308406258287,1105.17636937195,940.972509443847,1361.33248533306,0.256838416848107,0.0390762868203289,0.214589895505807,-0.114069557082366,0.280162899059741,0.0742556572238139,-0.0504781596930479,-0.383691022759579,1,-1,-0.13129745508228,1,0.211778720051769,0.185668342329123,-0.0863923275573493,44,0.956521739130435,"NRO1",4,612.44705527941
"NRO1_5",30.5,8.26,5.2,104.24,6.31,0.43,672.818181818182,723.113636363636,795.75,665.545454545455,980.363636363636,898.204545454545,933.977272727273,819.954545454545,832.568181818182,1015.90909090909,586.5,406.477272727273,552.568181818182,650.545454545455,548,0.528785108858235,0.449195596951736,0.315051102743411,0.315051102743411,0.68494889725659,430.923884523191,348.849271808454,4.13406682624058e-14,1096.2911406362,1275.03605191476,1106.47623365828,1510.34299239506,0.214005035210259,0.0299959072262221,0.194526704835108,-0.0950592406939121,0.23290037231307,0.0640864831357006,-0.048091090558972,-0.350763625943056,1,-1,-0.143418176140457,1,0.254098948527502,0.157670314230797,-0.0767838419673443,44,0.956521739130435,"NRO1",5,643.150123631226
"NSR1_1",27.9,8.24,3.7,52.33,10.6,0.23,404.603448275862,622.01724137931,1012.48275862069,577.775862068965,1383.01724137931,1126.05172413793,1173.18965517241,1011.03448275862,816.793103448276,786.189655172414,331.896551724138,231.275862068966,462,570.344827586207,477.724137931034,0.457961382903723,0.590819456956143,0.279898871134584,0.279898871134584,0.720101128865417,335.638769757841,739.813770655266,-7.840471567008e-15,1481.69900280922,2434.43798658497,1438.68491551037,3136.80481147496,0.548549282017067,0.0396059049619526,0.408011776569567,-0.272595700922881,0.55260375140297,0.229801131786533,-0.0372892017212683,-0.1140385024927,1,-1,0.439595000658757,1,0.433105442298509,0.368485415643856,-0.256363550636914,58,1,"NSR1",1,362.527132419342
"NSR1_2",28.5,8.42,5.7,42.25,12.09,0.12,2188.83333333333,1759.66666666667,1775.83333333333,1555.5,1912.66666666667,1784,1778,1317.83333333333,1656.83333333333,2425.16666666667,1083.83333333333,919.666666666667,428.833333333333,1479.33333333333,NA,0.763081815553628,0.855411046885035,0.947897623400366,0.751720203184549,0.248279796815451,161.026217228464,1299.98479651407,2116.02465929502,1597.08356023477,1699.3620414673,1507.9980610761,1731.23340574463,0.145089772882378,0.154557372623274,0.105134246906084,-0.077195622680381,0.289056051715177,-0.0781558668468976,-0.0745165711077372,-0.23971011426859,0.377826647202082,-0.0967329294817289,-0.113564506971541,0.248448851828044,0.13304634991609,0.0710854059150375,-0.0707509770139815,6,0.103448275862069,"NSR1",2,910.69109947644
"NSR1_3",28.9,8.51,7.6,73.02,12.02,0.14,412.793103448276,577.586206896552,869.655172413793,537.810344827586,1192.91379310345,922.379310344828,971.241379310345,800.534482758621,678.293103448276,485.620689655172,288.327586206897,185.120689655172,508.431034482759,529.793103448276,468.344827586207,0.424815880602839,0.511608165507255,0.26908111006268,0.26908111006268,0.73091888993732,288.906417904922,563.319148079518,-2.7441650484528e-14,1874.67123303003,3112.58114679239,2196.04060770758,4397.0283564447,0.564554001179925,0.0696232372233442,0.379985701409056,-0.237484099355993,0.57870660041591,0.168152490915079,-0.0376927988025908,-0.140138227137153,1,-1,0.43622662143197,1,0.599547855251723,0.335401403849701,-0.174509565976996,58,1,"NSR1",3,410.59754601227
"NSR1_4",29.2,8.57,9.6,96.64,11.57,0.17,765.862068965517,772.48275862069,1004.22413793103,709.01724137931,1281.31034482759,1055.12068965517,1093.05172413793,933.241379310345,830.758620689655,683.568965517241,381.862068965517,238.344827586207,489,705.672413793103,666.42,0.491445906602274,0.549313820857798,0.348950340269646,0.348950340269646,0.651049659730354,342.995334790545,561.853046913583,2.7441650484528e-14,1024.24126043581,1439.95431306429,1075.246043948,1829.39797947971,0.470458179542857,0.0533464779396821,0.287957221526875,-0.172892588828425,0.494882314546617,0.119271281564507,-0.0435172600257826,-0.227787377204302,1,-1,0.264894568655236,1,0.226982455776166,0.260071524110343,-0.14560699134722,58,1,"NSR1",4,612.44705527941
"NSR1_5",29.7,8.51,4.1,103.71,10.89,0.3,641.592592592593,744.12962962963,906.481481481482,659.018518518518,1211.14814814815,996.259259259259,1037.5,861.388888888889,757.62962962963,776.333333333333,376.055555555556,270.574074074074,552,655.962962962963,623.741935483871,0.544153294061886,0.511702783788587,0.311961428884506,0.311961428884506,0.688038571115494,460.946254125336,513.792658267241,8.42124723863822e-15,1128.15286481145,1452.46191552873,1095.62513469413,1865.88838106324,0.432753586124945,0.0397755405245153,0.296174744822993,-0.159203893976783,0.454597884105621,0.119332120081663,-0.0619390392385386,-0.235752725697581,1,-1,0.217177164644702,1,0.266455555344806,0.261072612150743,-0.141190167508381,54,0.931034482758621,"NSR1",5,643.150123631226
"PKR1_1",29.7,8.18,4.8,257.05,7.33,0.21,417.8,476.7,664.9,451.2,842.6,889.7,955,870.8,863.2,1197.9,630.4,410.9,456,440,357.7,0.350971286175454,0.387992638477422,0.218580212409167,0.218580212409167,0.781419787590833,229.979361016983,370.81419075916,0,1135.54073368271,1598.70161096417,1123.50597609562,1911.09095032887,0.154743186021365,-0.079214760452275,0.306155625809763,-0.196143416547092,0.068963711377009,0.269435278727694,-0.031633023435331,-0.337482485222746,1,-1,-0.204830683752343,1,0.327015213682099,0.263314854342766,-0.179329392806057,10,1,"PKR1",1,362.527132419342
"PKR1_2",29.9,8.25,6.6,190.67,7.32,0.17,NA,NA,NA,NA,NA,NA,NA,NA,NA,NA,NA,NA,NA,NA,NA,NA,NA,NA,NA,NA,NA,NA,NA,NA,NA,NA,NA,NA,NA,NA,NA,NA,NA,NA,NA,NA,NA,NA,NA,NA,NA,NA,0,0,"PKR1",2,910.69109947644
"PKR1_3",30.5,8.33,8.1,228.51,9.81,0.25,364.3,432.8,613.4,414.2,833.5,839.7,941.2,797.4,809.8,1044.5,605.6,385.8,504,399.4,317.5,0.31832531824611,0.360856186080188,0.207235500134703,0.207235500134703,0.792764499865297,190.181766061864,329.073875659155,-2.27373675443232e-14,1404.73872119442,2195.41875447387,1691.30257247856,3072.24474751198,0.135186150276928,-0.0571015385254339,0.342274484320193,-0.205206369221575,0.0705573532986499,0.257438892189501,-0.0333599151889953,-0.329493830877832,1,-1,-0.213118185120945,1,0.502713381574874,0.296375216691064,-0.141629629110558,10,1,"PKR1",3,410.59754601227
"PKR1_4",30.5,8.25,2.8,36.69,1.13,1.08,924,897.7,1097.7,831.9,1201.9,1135.3,1194.6,1066.7,1099.1,1179.7,757.6,475.2,480,831.7,756,0.571107879669181,0.600445416894585,0.409428390634887,0.409428390634887,0.590571609365113,433.990271047787,594.403263464542,-4.54747350886464e-14,1190.26783346592,1573.98910238027,1261.60145586897,1716.01941747573,0.17341911745569,0.0507373316044004,0.18363093528196,-0.141887518583254,0.216701884168123,0.0892591146529821,-0.0418150085495728,-0.239990427418659,1,-1,-0.0757333773404112,1,0.222414205925148,0.154343606824849,-0.114374336044472,10,1,"PKR1",4,612.44705527941
"PKR1_5",NA,NA,NA,NA,NA,NA,733.5,866.5,1046.25,798.25,1244,1282.5,1386.75,1251,1275,1479,741.5,441,552,793.25,NA,0.63363802559415,0.590601185436071,0.377869822485207,0.377869822485207,0.622130177514793,562.281392836175,601.997988916587,0,1313.67495451789,1676.41403621215,1327.09891936825,1916.4997689108,0.293909088499369,-0.0747704751111852,0.220804509971891,-0.13767211156792,0.216760221133517,0.210906279575374,-0.0441622282653051,-0.332228103516649,1,-1,-0.041670908859418,1,0.15691750432928,0.184334604441529,-0.119582409102241,4,0.4,"PKR1",5,643.150123631226
"PNR1_1",28.3,8.34,2.87,182.11,7.64,0.14,360.320754716981,425.490566037736,591.150943396226,398.509433962264,737.509433962264,567.283018867925,581.358490566038,516.320754716981,455.943396226415,734.245283018868,359.905660377359,259.88679245283,456,380.641509433962,328.830188679245,0.313268242537836,0.344957458665542,0.193054691317661,0.192387396033822,0.807612603966178,201.343373839692,322.683069700202,2.48713164713759,1013.55542171924,1421.37759893298,992.304367435917,1672.73629839479,0.241034805123213,0.12933348202702,0.305949668816486,-0.206746934430345,0.346153105169373,0.0774496079331893,-0.0456773150079371,-0.152617886845961,0.996865259049595,-0.986781275271281,0.0867237344010471,0.997576861003126,0.504568351888416,0.263112471811479,-0.190015002808818,53,1,"PNR1",1,362.527132419342
"PNR1_2",28.6,8.48,5.94,106.35,8.78,0.14,1137.29411764706,1008.43137254902,1108.94117647059,840.21568627451,1184.23529411765,1018.13725490196,1008.27450980392,861.078431372549,842.156862745098,1145.45098039216,460.647058823529,302.176470588235,432,837.705882352941,793.368421052632,0.437307620359506,0.53417205032302,0.512014434049062,0.437307620359506,0.562692379640494,-6.2416303062848e-14,358.969049893187,220.954727575459,915.258098156671,1061.18772867999,814.55713647553,1071.90015760106,0.346805996071022,0.136023269968116,0.170359559213947,-0.139262078530712,0.452380336362752,0.00269781308646634,-0.0925858407372451,-0.403661259990077,0.698230757974645,-0.268053037530063,-0.0576107762326314,0.607051677273388,0.114508603275135,0.136850232321818,-0.13288496725904,51,0.962264150943396,"PNR1",2,910.69109947644
"PNR1_3",29.3,9.1,12.94,77.2,9.27,0.16,298.358490566038,372.528301886792,588.396226415094,370.11320754717,777.452830188679,514.471698113208,526.716981132075,426.207547169811,376.905660377359,473.528301886792,295.943396226415,204.377358490566,504,348.584905660377,304.018867924528,0.273995356408956,0.346146752800988,0.185177681488404,0.18385799979972,0.816142000200279,148.395843599551,337.005619558472,4.6840395140178,1209.11490388443,2105.92779676125,1511.28300345925,2865.65731731913,0.315098188652477,0.250560826343471,0.365519422354364,-0.242351996184265,0.488878959254897,-0.0166027819487916,-0.0182882071436266,0.000392410930916865,0.99454790821717,-0.983154264218657,0.288901638409504,0.995556475353887,0.697089956647363,0.320483556084082,-0.179781619896201,53,1,"PNR1",3,410.59754601227
"PNR1_4",28.6,8.67,5.4,86.14,8.71,0.2,787.924528301887,724.150943396226,915.528301886792,665.037735849057,1059.92452830189,832.754716981132,836.094339622642,723.094339622642,676.245283018868,759.415094339623,429.716981132075,283.207547169811,480,654.037735849057,606.833333333333,0.4606976827932,0.500796914371145,0.327305361101272,0.326872702795927,0.673127297204073,309.16185168127,469.83809252943,2.00595932166253,960.157708030001,1312.77359031659,1008.54979655605,1513.31314720429,0.321580344432993,0.146467576714261,0.230673220773772,-0.161949952877764,0.432126846229732,0.0141503502822533,-0.0461353757295889,-0.173798335638038,0.99773634103831,-0.989188445248529,0.153198261810159,0.998126423687343,0.313427467320839,0.201934516256209,-0.134597334328681,53,1,"PNR1",4,612.44705527941
"PNR1_5",29.8,8.73,8.77,105.6,9.88,0.15,634.372549019608,700.549019607843,859.862745098039,628.843137254902,1043.8431372549,850.803921568627,876.941176470588,732.352941176471,672.588235294118,897.235294117647,421.686274509804,294.411764705882,552,620.392156862745,582.409090909091,0.512284475033158,0.485386816312751,0.297677224736048,0.297677224736048,0.702322775263951,415.903699401125,471.533533685918,1.7833229446528e-14,1062.08159431147,1377.76437285377,1045.45824980034,1608.13917309336,0.325554051278376,0.0997234227143995,0.25018442487748,-0.158522404159789,0.402000387193395,0.0590534806245682,-0.0576780575044457,-0.190922521961422,1,-1,0.143292019937221,1,0.321197340425644,0.214177654264476,-0.140519633032779,51,0.962264150943396,"PNR1",5,643.150123631226
"PRA1_1",29,8.36,3.3,358.49,11.2,0.19,295,347.84,520.76,301.64,639.88,563.28,584.32,495.56,398.4,748.56,291,217.28,456,299.44,260.76,0.256097864869457,0.303881856540084,0.146127072852618,0.146127072852618,0.853872927147382,175.118073649022,316.660843948544,0,828.585040495474,1252.12791536427,751.095617529881,1451.30415060104,0.301383520888724,0.0536560224104695,0.364086232369299,-0.272815947337236,0.340465332486353,0.221613656157498,-0.0766898538269069,-0.18510007592098,1,-1,0.119039607373338,1,0.450914315246209,0.322984232557317,-0.256588922309104,25,1,"PRA1",1,362.527132419342
"PRA1_2",30,8.42,9.28,151.73,10.74,0.08,1844,1600.14285714286,1637.64285714286,1475.21428571429,1783.71428571429,1754.78571428571,1753.35714285714,1518.21428571429,1646.28571428571,2421.14285714286,1315.78571428571,1046.5,432,1421.64285714286,NA,0.693904101102713,0.788845306908891,0.89897275180639,0.693904101102713,0.306095898897287,693.714285714286,1503.23883137403,2215.58004349393,1452.2988356715,1567.12235133288,1430.16411605844,1614.51329264508,0.130584845553077,0.0532862663790799,0.0999063885260988,-0.0653359825630188,0.178652441974245,0.0120175772813535,-0.0548580226207222,-0.328732357671399,0.284253087296152,0.0877567385213747,-0.240395537946079,0.220950725494576,0.031387813376177,0.0658412610490669,-0.0588765941727359,14,0.56,"PRA1",2,910.69109947644
"PRA1_3",29.8,8.61,3.9,180.58,10.31,0.17,320.52,373.72,528.52,307.96,630.84,539.72,552.6,436.36,373.4,496.36,235.12,153.32,504,306.4,266.739130434783,0.274871852899576,0.310922255407729,0.154080745102567,0.154080745102567,0.845919254897433,193.889494021354,314.839143448068,3.63797880709171e-14,1212.98279779292,1891.62491052255,1257.49285422621,2325.24880206414,0.376103447607405,0.126616465321742,0.347943363997934,-0.269248046798379,0.46062206139315,0.145867147802997,-0.102425705443172,-0.122592724352248,1,-1,0.254616406821899,1,0.637329148063145,0.302229301920288,-0.207288875575177,25,1,"PRA1",3,410.59754601227
"PRA1_4",29.6,8.23,4.39,171.74,8.65,0.23,1194.42857142857,926.142857142857,920.285714285714,737.142857142857,902.857142857143,804.571428571429,776.142857142857,667.428571428571,669.285714285714,1100.85714285714,443.571428571429,301.857142857143,480,737.142857142857,589,0.589202944651459,0.503399234195515,0.362792659776419,0.362792659776419,0.637207340223581,566.482885112764,407.929492598215,-3.24819536347474e-14,1227.98045232413,1319.59523126716,1117.89938905499,1289.05931304561,0.209148915878683,0.163711216961703,0.103013426048958,-0.112864534418951,0.359271180197643,-0.0519960284700651,-0.116020519825021,-0.236622710534521,1,-1,-0.0287959811897922,1,0.332055676992644,0.0730954745796638,-0.08513590722916,7,0.28,"PRA1",4,612.44705527941
"PRA1_5",31.2,8.29,11.59,124.1,6.84,0.29,1069.875,1005.9375,1041.75,836.6875,1098.125,998.5625,1006.125,847.5,876.5,1375.6875,667.5625,550.6875,557.125,836.6875,512,0.735603290676417,0.588060965283658,0.396065088757396,0.396065088757396,0.603934911242603,1920.86670700185,1573.84810567099,844.84375,1525.07201334142,1669.2036532607,1391.00166251039,1691.7655214913,0.180106912341885,0.150129553379895,0.156024701592322,-0.134042766866351,0.314846624218522,-0.0175090407024572,-0.115383231730161,-0.0880518076319154,0.901173417166252,-0.946195150299325,0.0941086803169898,0.900860298647578,0.366678190290796,0.118739672282362,-0.115925141367202,16,0.64,"PRA1",5,643.150123631226
"SBR1_1",28.9,7.96,3.99,255.62,11.06,0.14,440.56,472.76,593.36,401.92,717.8,604.84,608.64,524.56,441.12,853.2,398.56,300.24,456,392.64,327.12,0.348070453644447,0.346246521231708,0.194706912614123,0.194706912614123,0.805293087385876,258.126091575315,321.957675680138,0,1126.15531205336,1426.68910795864,1000.796812749,1628.03356770243,0.181593979938928,0.101298583246203,0.288916157866611,-0.201713256826726,0.270013017260077,0.10082603409674,-0.0901978971075434,-0.187758149888655,1,-1,-0.00559509568241361,1,0.485770293676074,0.245654033222915,-0.184930036133897,25,1,"SBR1",1,362.527132419342
"SBR1_2",29.7,8.22,7.55,132.7,12.73,0.1,NA,NA,NA,NA,NA,NA,NA,NA,NA,NA,NA,NA,NA,NA,NA,NA,NA,NA,NA,NA,NA,NA,NA,NA,NA,NA,NA,NA,NA,NA,NA,NA,NA,NA,NA,NA,NA,NA,NA,NA,NA,NA,0,0,"SBR1",2,910.69109947644
"SBR1_3",30.4,8.77,13.87,147.42,12.66,0.15,344.8,396.8,533.24,324.96,671.84,533.28,515.68,391.44,322.56,540.52,282.04,210.36,504,314.2,259.72,0.291847241867044,0.313698977283012,0.162586306431128,0.162586306431128,0.837413693568872,208.109461917973,305.438181369893,0,1287.8935410581,1908.51825340014,1326.90894242548,2476.37301879838,0.282085633657881,0.233442719735934,0.359579183411026,-0.258922201977246,0.451933640242123,0.0204713316545625,-0.117508474758444,-0.0185864893805959,1,-1,0.24277239299123,1,0.69072690080504,0.314329831957714,-0.196843757060942,25,1,"SBR1",3,410.59754601227
"SBR1_4",30.4,8.25,9.08,129.88,9.92,0.11,727.916666666667,649.125,774.5,545.875,859.25,752.791666666667,733.041666666667,616.916666666667,558.625,804.708333333333,404.625,276.416666666667,480,539.958333333333,500.55,0.412966918113242,0.423653981401891,0.268658159319412,0.268658159319412,0.731341840680588,308.151883895164,385.872906714153,-6.6317322004276e-14,860.680190930787,1110.55348437052,827.835911434638,1226.79897201599,0.26342454210389,0.133125649594586,0.225437752303088,-0.177789355653073,0.373768976529915,0.0448102304884509,-0.0912336082195714,-0.202795255544046,1,-1,0.0666055537560991,1,0.302384032090334,0.19663169075647,-0.150574760611117,24,0.96,"SBR1",4,612.44705527941
"SBR1_5",30.9,8.26,10.1,113.92,10.37,0.2,636.041666666667,676.333333333333,781.5,546.416666666667,881.916666666667,768.583333333333,761.75,608.25,542.375,952.041666666667,396.125,300.958333333333,552,540.083333333333,468.333333333333,0.494576477757465,0.441151566469094,0.258658777120316,0.258658777120316,0.741341222879684,435.71976100035,435.54400503955,1.8947806286936e-14,1025.36891045078,1252.2031725685,908.423385979495,1358.67611564731,0.265977799982925,0.151051903646891,0.238754161021392,-0.183221008864489,0.390772211909367,0.0318185291864328,-0.11291565274173,-0.130889148011527,1,-1,0.137670063076927,1,0.366858710468381,0.202555469304682,-0.165373724945136,24,0.96,"SBR1",5,643.150123631226
"SNR2_1",28.2,8.26,4.7,314.77,8.74,0.01,337.733333333333,429.666666666667,651.866666666667,444.466666666667,787.733333333333,758.466666666667,817.666666666667,757.733333333333,714.866666666667,947.4,689.666666666667,475,456,392.066666666667,271,0.316342904608182,0.380387228057575,0.215318303210981,0.215318303210981,0.784681696789019,171.545392867259,356.924074490159,0,1023.5032555185,1567.36394966739,1106.73970783533,1786.64852196265,0.0950290086696666,0.0813067983110828,0.294736513891405,-0.220233282729892,0.160191945726511,0.133516677446998,-0.0147951021643835,-0.167655107353707,1,-1,-0.0802179027417017,1,0.444652467506086,0.25168128753418,-0.203785998245968,15,1,"SNR2",1,362.527132419342
"SNR2_2",29,8.2,3.58,195.48,9.76,0.05,2143.66666666667,1762,1655,1274.22222222222,1514.33333333333,1428.44444444444,1352.33333333333,1167,1151.55555555556,2046.11111111111,524.555555555556,354.444444444444,438,1274.22222222222,NA,0.764093668690373,0.797206165703276,0.776491299343219,0.764093668690373,0.235906331309627,-5.05274834318293e-14,292.98671696416,86.6146145429772,1599.20130695226,1583.73205741627,1235.30995852857,1370.68549360367,0.380462337354498,0.173320905864509,0.0860360085999695,-0.129998421962913,0.519303279954601,-0.0443817581601032,-0.160667905010215,-0.59994381886553,0.894067230432019,-0.577904808888674,-0.286488985134652,0.865257539943062,0.151905193378335,0.0518786468788379,-0.123601607091243,9,0.6,"SNR2",2,910.69109947644
"SNR2_3",28.5,8.63,3.73,214.55,9.75,0.07,404,485.8,695.533333333333,485.2,823.2,835.6,883.666666666667,775.2,745.533333333333,791.6,690.133333333333,481.466666666667,504,431.066666666667,309,0.357306930693069,0.409174284248952,0.24275872685987,0.24275872685987,0.75724127314013,199.102991131807,366.807415259104,-3.03164900590976e-14,1576.76079195067,2489.38200906705,1981.21682319314,3034.27939550313,0.191314634965114,0.0806362295668745,0.273958357077978,-0.208989126478899,0.232154282417048,0.125266290804909,-0.0338888286417411,-0.186425317274864,1,-1,-0.00817577246203204,1,0.583124123933622,0.226111072123844,-0.146252796793329,15,1,"SNR2",3,410.59754601227
"SNR2_4",28,8.38,3.82,199.88,8.94,0.07,731.8,698.8,922.4,678.066666666667,1032.2,1060.8,1103.66666666667,996.6,963.933333333333,1043.53333333333,798.133333333333,534.533333333333,480,630.6,499.909090909091,0.444569662819231,0.504555755255138,0.333717687313975,0.333717687313975,0.666282312686025,249.059331098373,456.737200593931,-9.09494701772928e-14,926.544683107929,1322.62689991397,1028.30856334041,1473.72929754426,0.209469604500009,0.0338253400007496,0.214093486643809,-0.168849383945818,0.219872555986263,0.134702111401702,-0.0321434655401684,-0.276266036854513,1,-1,-0.0703845760519718,1,0.202470779189269,0.185167046156344,-0.14176686587866,15,1,"SNR2",4,612.44705527941
"SNR2_5",29.2,8.62,6.72,308.93,14.26,0.15,628.454545454545,703.727272727273,902.636363636364,627.909090909091,1005.63636363636,1035,1081.63636363636,905.090909090909,797.545454545455,810.181818181818,478.818181818182,350.363636363636,552,604.090909090909,NA,0.514608608941333,0.509532240268904,0.297235072619688,0.297235072619688,0.702764927380312,419.467648763449,531.516579842144,4.13406682624058e-14,1066.90004961685,1446.30085504945,1043.90538804504,1549.27802131623,0.384822866816875,0.0182732490548894,0.237607031357977,-0.189362339776732,0.389012955488412,0.172549706373263,-0.067952354479539,-0.233979656760938,1,-1,0.164875682471133,1,0.246474877995431,0.201423972897414,-0.171610251944593,11,0.733333333333333,"SNR2",5,643.150123631226
"SRI1_1",28.6,8.2,2.7,138.97,4.88,0.44,360.107142857143,450.071428571429,653.821428571429,418.035714285714,785,554.25,572.5,505.642857142857,446.142857142857,657.214285714286,353.25,239.964285714286,456,405.928571428571,354.607142857143,0.331365949562699,0.38152790068357,0.202514040831537,0.202514040831537,0.797485959168463,218.193985959367,384.160441328137,1.62409768173737e-14,1072.10916763084,1572.06402637997,1040.92558338076,1780.44908142436,0.250288250730508,0.183761068675707,0.309343396534057,-0.22725657458875,0.396916343240821,0.0411114165513252,-0.044921173978679,-0.0667070189055051,1,-1,0.17722750801557,1,0.544570372350878,0.26657502147787,-0.210652043738475,28,1,"SRI1",1,362.527132419342
"SRI1_2",29.5,8.27,6.4,85.36,6.82,0.66,2707.33333333333,2331.66666666667,2125.66666666667,1653,1845.66666666667,1504,1392.66666666667,1227.33333333333,1189.66666666667,2531,653,493.666666666667,438,1653,NA,1.01113038450419,1.02392421323057,1.0073126142596,1.00655022295651,-0.00655022295651383,2562.66666666667,2572.66666666667,1761,2116.23404126581,2034.1307814992,1602.52060106641,1670.58894520879,0.305520143774649,0.267943388670653,0.0550703269422004,-0.125031999100249,0.529921711256724,-0.147863886741207,-0.170269755281177,0.343408722674869,0.0304692230910414,-0.184921774714949,0.584417640394331,-0.170817115220681,0.247397345298442,0.0207980611109723,-0.118627151376421,3,0.107142857142857,"SRI1",2,910.69109947644
"SRI1_3",29.2,8.23,4.2,177.07,8.4,0.54,359.607142857143,462.535714285714,651.25,420.785714285714,804.892857142857,621.142857142857,639.285714285714,534.607142857143,505.142857142857,576.892857142857,331.428571428571,217.285714285714,504,408.178571428571,359.535714285714,0.340195999191756,0.383122907050412,0.210530511708205,0.210530511708205,0.789469488291795,221.708404168934,371.36780834388,-1.62409768173737e-14,1501.25191264432,2330.88761632069,1718.19401504987,2966.80006318783,0.341748052497853,0.167398146175589,0.316919145882827,-0.223216864877084,0.452729354221309,0.0525071584850375,-0.0567110283717711,-0.094197076881474,1,-1,0.238753816976003,1,0.654148937386619,0.270183166407672,-0.159951560046872,28,1,"SRI1",3,410.59754601227
"SRI1_4",29.7,8.17,4.2,101.82,6.74,0.14,730.607142857143,689.392857142857,844.714285714286,616.714285714286,971.5,760.892857142857,754.107142857143,659.214285714286,621.714285714286,761.821428571429,428.642857142857,272.357142857143,480,607.678571428571,564.107142857143,0.43858493138235,0.462061420645464,0.303522463615271,0.303522463615271,0.696477536384729,301.633390699872,414.374496578163,7.30843956781817e-14,914.071674811532,1211.23356139129,935.265826075653,1387.06453455168,0.279884738592296,0.156767611568141,0.224404786976557,-0.159337663616537,0.402590767542495,0.000517833818207605,-0.0594392762692316,-0.183492364308379,1,-1,0.100297483506136,1,0.322556861265639,0.195580718144971,-0.131954132333433,28,1,"SRI1",4,612.44705527941
"SRI1_5",30.6,8.23,7.7,101.43,7.05,0.15,621.259259259259,704.555555555556,848.962962962963,620.407407407407,991.814814814815,796.851851851852,815.481481481482,692.037037037037,652.259259259259,915.074074074074,434.777777777778,302.518518518519,552,611.851851851852,566.75,0.515214300223441,0.479233961593544,0.293683979837826,0.293683979837826,0.706316020162174,427.584894570978,464.162504913704,1.68424944772764e-14,1068.15578465063,1360.2995721246,1031.43376127582,1527.98461687693,0.283462271021395,0.128622732753128,0.231875574762566,-0.158927245095635,0.38664048853819,0.0296893064518778,-0.0673537216175315,-0.162592248527792,1,-1,0.124978207794885,1,0.346309163724961,0.195547495162552,-0.140924921293482,27,0.964285714285714,"SRI1",5,643.150123631226
"SRI2_1",28.5,8.14,3.1,118.74,4.97,0.08,311.153846153846,394.923076923077,561.423076923077,362.846153846154,641.038461538462,506.884615384615,535.461538461538,489.269230769231,444.5,794.038461538462,402.884615384615,272,456,346.461538461538,283.615384615385,0.290762870249759,0.327610198402011,0.175777901993665,0.175777901993665,0.824222098006335,188.043826463426,315.741141554997,0,940.741012203613,1349.89919914181,903.501379098989,1453.93164331699,0.116461943162803,0.210297796007498,0.281205578486937,-0.228240730446481,0.307756547975283,0.00883462327107239,-0.0575364875564112,-0.0441971535604269,1,-1,0.0640840510643602,1,0.551657689198618,0.237701284486103,-0.21166775707362,26,1,"SRI2",1,362.527132419342
"SRI2_2",28.6,8.19,0.8,170.45,8.01,0.08,NA,NA,NA,NA,NA,NA,NA,NA,NA,NA,NA,NA,NA,NA,NA,NA,NA,NA,NA,NA,NA,NA,NA,NA,NA,NA,NA,NA,NA,NA,NA,NA,NA,NA,NA,NA,NA,NA,NA,NA,NA,NA,0,0,"SRI2",2,910.69109947644
"SRI2_3",29.7,8.19,7,95.73,6.84,0.15,379.230769230769,447.346153846154,595.153846153846,397.423076923077,765.423076923077,715.230769230769,749.076923076923,624.038461538462,561.5,731.230769230769,391.038461538462,258.653846153846,504,381.576923076923,331.461538461538,0.329024045261669,0.350122183002987,0.198841550244391,0.198841550244391,0.80115844975561,218.567009904608,319.852231101062,8.74514136320123e-15,1451.95116470676,2130.11398050768,1622.79737412445,2821.31617000766,0.339526273781485,0.0612514119071287,0.323190530986707,-0.211598950804134,0.369743127506428,0.1508164680589,-0.0732199049967011,-0.220568787626646,1,-1,0.122735321236867,1,0.587617196360497,0.276666763014294,-0.148131276487353,26,1,"SRI2",3,410.59754601227
"SRI2_4",29.4,8.27,6.3,155.79,6.97,0.13,727.346153846154,678.192307692308,824.884615384615,602.115384615385,941.923076923077,852,868.692307692308,762.038461538462,728.692307692308,902.884615384615,507.423076923077,326.038461538462,480,590.538461538462,533.076923076923,0.431459252371731,0.451214527443331,0.296337459910546,0.296337459910546,0.703662540089454,298.242611391102,401.189995438232,8.74514136320123e-15,899.220773922445,1182.79984999228,913.126151979655,1344.835917937,0.257029294812776,0.0933919558521263,0.22084227506135,-0.160818684350182,0.329219322198042,0.0663760393484401,-0.0650571433697087,-0.24454835512804,1,-1,0.013088523769565,1,0.262438005453412,0.191972681047744,-0.133454985404002,26,1,"SRI2",4,612.44705527941
"SRI2_5",29.8,8.2,2.2,170.53,8.28,0.24,606.769230769231,669.192307692308,796.153846153846,582.115384615385,943.115384615385,912.5,948.192307692308,811.038461538462,770.692307692308,1076.30769230769,512.923076923077,345.884615384615,552,570.038461538462,517.125,0.489354521164393,0.449423565426952,0.275557578516158,0.275557578516158,0.724442421483842,401.956521032198,423.820883606888,1.74902827264025e-14,1014.54261323879,1275.68313756425,967.772875503549,1452.95853430193,0.290067433725278,0.0425656304003557,0.238940017582301,-0.160853550432162,0.316538337776918,0.118200637586045,-0.0759688370753475,-0.252069303431037,1,-1,0.0412702539466522,1,0.265529889747767,0.202732555643878,-0.142874939029793,26,1,"SRI2",5,643.150123631226
"SRK1_1",27.9,8.85,7.65,621.83,16.36,0.07,276.041666666667,347.458333333333,652.5,317.25,712.916666666667,846.75,884.416666666667,789.708333333333,672.833333333333,974.583333333333,498.291666666667,339.083333333333,456,289.166666666667,217.125,0.255816862056597,0.380756800430918,0.153689211850196,0.153651451560639,0.846348548439361,160.588064379966,454.703456294697,0.128914543524426,827.675877401938,1568.88675162299,789.965139442231,1616.95773796023,0.317120924478037,0.0263353454223064,0.405515766870076,-0.376697502088885,0.309282467383958,0.358501091532739,-0.0825390906547407,-0.128553569020295,0.99979309017009,-0.998725674153133,0.166297531808274,0.999874602477592,0.407977677332381,0.36599635042003,-0.361943933897204,24,1,"SRK1",1,362.527132419342
"SRK1_2",28.7,8.66,2.04,377.58,19.03,0.07,1354.88888888889,1205.61111111111,1338.55555555556,934.944444444444,1314.88888888889,1433.22222222222,1449.88888888889,1234.83333333333,1155.77777777778,1392.33333333333,528.5,323.888888888889,436.555555555556,934.944444444444,NA,0.522814879059458,0.644776279169343,0.56974067303135,0.522814879059458,0.477185120940542,-2.52637417159147e-14,530.788141079428,162.932416154884,1094.21955991206,1280.9144072302,906.393062961168,1190.16010942151,0.436428010134714,0.053859203366384,0.168853666923801,-0.178171980759133,0.469305635190566,0.124558759195269,-0.127059440295071,-0.384424047373052,0.788308008607219,-0.551845708583887,0.0667554869599176,0.777108770299692,0.0321100462057562,0.135327808981231,-0.171872392916333,18,0.75,"SRK1",2,910.69109947644
"SRK1_3",28.6,8.96,3.86,477.38,22.65,0.08,379,453.916666666667,733.875,397.833333333333,789.541666666667,991.25,1047.54166666667,892.25,774.708333333333,789.583333333333,487.666666666667,322.833333333333,504,372.791666666667,299.875,0.333856671381424,0.431730247081184,0.199046812659559,0.198526169315762,0.801473830684238,224.72272386926,488.164689037919,1.86255274261606,1473.2770745429,2626.61059413028,1624.47257383966,2910.21624278167,0.453122258443435,-0.0258650679564319,0.342085367287393,-0.317643138278131,0.395585572868467,0.344639080564999,-0.0902607854348782,-0.207986612187667,0.997329101524093,-0.98332766793194,0.246489541432773,0.998232621697564,0.525680829962162,0.296227096951883,-0.258169946452546,24,1,"SRK1",3,410.59754601227
"SRK1_4",29.1,8.69,9.18,383.74,18.03,0.09,750.5,692.166666666667,928.75,605.083333333333,966.583333333333,1151.875,1196.66666666667,1053.75,958.458333333333,953.208333333333,599.458333333333,378.708333333333,480,588.041666666667,497.95,0.4403496016238,0.50802922559975,0.297798167287726,0.297631014365857,0.702368985634144,312.001961256531,540.367252785151,0.712887892661807,917.749491735172,1331.7321479782,917.627135780002,1380.04473634114,0.364842029862369,-0.0147066480473161,0.233482265515072,-0.220816015026848,0.331666444421518,0.234874873851681,-0.0777031233773652,-0.262510088677177,0.9990508175561,-0.99333821489384,0.106427273630712,0.999336882185908,0.15843468264687,0.204786961209532,-0.194175044890838,24,1,"SRK1",4,612.44705527941
"SRK1_5",29.6,8.6,4.66,401,17.01,0.3,736.411764705882,802.294117647059,1021.52941176471,642.941176470588,1038.17647058824,1178.94117647059,1216.11764705882,1000.70588235294,851.588235294118,1080.64705882353,384.352941176471,255.117647058824,552,642.235294117647,NA,0.586686740509732,0.576646577343893,0.304350852767142,0.304350852767142,0.695649147232858,558.024157278938,694.790286246017,5.3499688339584e-14,1216.3343202654,1636.80405666513,1068.89638648477,1599.40913663262,0.480690258428991,0.0196906072268107,0.236796123682697,-0.230447674826323,0.490153151503255,0.211868398820547,-0.112340466210577,-0.169493511405319,1,-1,0.336551574202389,1,0.248877895416228,0.200555093921305,-0.212935046723586,17,0.708333333333333,"SRK1",5,643.150123631226
"SRV1_1",28.6,8.31,3.75,213.31,6.27,0.06,321.166666666667,396,624.375,383.625,744.583333333333,616.541666666667,649.5,590.333333333333,532.5,908.875,407.083333333333,284.166666666667,456,369.166666666667,315.166666666667,0.2915557569236,0.364344869377862,0.185844046953605,0.185844046953605,0.814155953046395,175.89065742318,375.317683300302,0,943.306336350643,1501.26232267372,955.241533864542,1688.78052468436,0.219059082745285,0.0971272688944041,0.324352403342796,-0.246702301187239,0.294280082087798,0.148692378193547,-0.0233977309444925,-0.139144318298086,1,-1,0.0704004626225037,1,0.475738955191852,0.282009617293943,-0.230263929308729,24,1,"SRV1",1,362.527132419342
"SRV1_2",28.7,8.09,4.57,98.44,4.68,0.08,1226.04347826087,1098.08695652174,1183.13043478261,909.652173913043,1239.78260869565,1144.60869565217,1156.69565217391,1024.4347826087,1006.47826086957,1318.69565217391,584.95652173913,369.869565217391,432,909.652173913043,852.2,0.476186884874995,0.56990868727486,0.554327954852555,0.476186884874995,0.523813115125005,5.93148718547562e-14,372.309429522968,248.151609209129,996.63002044086,1132.18223424173,881.873169086809,1122.17832068759,0.297445498777698,0.0813164708544124,0.154162751413391,-0.131838371665456,0.363615592272205,0.0504017572723419,-0.0948101053113892,-0.458040767964759,0.67666683082583,-0.226750438200657,-0.180188482394974,0.620207306418772,0.0595751801167883,0.120493549260224,-0.125447417802301,23,0.958333333333333,"SRV1",2,910.69109947644
"SRV1_3",29.4,8.66,3.32,185.66,8.58,0.11,325.625,412.541666666667,632.875,379.125,761.5,663.25,696.583333333333,587.333333333333,533.916666666667,567.791666666667,348.166666666667,233.208333333333,504,369.083333333333,319.541666666667,0.303425271098538,0.372313105258394,0.189686525805334,0.189686525805334,0.810313474194666,189.926042248893,382.022577022143,-1.8947806286936e-14,1338.98625987234,2265.12168933429,1548.08084932626,2806.85587910063,0.341636197216274,0.0858770571148282,0.339271756117299,-0.257194152186283,0.388892963041347,0.172340048400646,-0.0492527473904427,-0.152706643812671,1,-1,0.18339325677988,1,0.607094850174419,0.29326217424344,-0.194942209536239,24,1,"SRV1",3,410.59754601227
"SRV1_4",29.3,8.33,5.4,139.9,4.9,0.13,1068.63636363636,860.909090909091,924.045454545455,727.909090909091,954.318181818182,867.318181818182,865.772727272727,728.181818181818,764.454545454545,1012.77272727273,507.090909090909,352.318181818182,480,723.136363636364,584.545454545455,0.547701866433122,0.505455824163334,0.35824816398535,0.35824816398535,0.64175183601465,510.431584224494,453.305147929161,3.10055011968044e-14,1141.48646368217,1324.98631279819,1103.8961038961,1362.53309796999,0.220678923183199,0.139253025111158,0.136080768537512,-0.12818560798255,0.344266788098689,-0.0122739419112457,-0.0939953864737551,-0.221430658751563,1,-1,-0.00086844215010984,1,0.308273960357043,0.106382551531934,-0.100574091456046,22,0.916666666666667,"SRV1",4,612.44705527941
"SRV1_5",30.2,8.31,6.75,132.31,5.84,0.13,818.590909090909,816.681818181818,841.454545454545,648.136363636364,863.409090909091,761,757.818181818182,618.954545454545,628.136363636364,888.727272727273,387.636363636364,263.727272727273,552.818181818182,648.136363636364,533.714285714286,0.597207910919063,0.474995509711852,0.306810112963959,0.306810112963959,0.693189887036041,603.660471056784,446.777756236343,4.13406682624058e-14,1238.14708638844,1348.26877977014,1077.53343912945,1330.16344308903,0.262392548656691,0.169627218422391,0.146333319032309,-0.137530017214419,0.408363275631187,-0.0338674728769621,-0.123297051630758,-0.146938744363515,1,-1,0.11855474112478,1,0.38438757472157,0.108889633132444,-0.119414055771003,22,0.916666666666667,"SRV1",5,643.150123631226
"VMS1_1",28.7,8.2,2.7,335.43,10.17,0.28,362.0625,451,640.125,460.1875,855.6875,931.5,991.625,929.5,867.0625,1014.625,684.5625,470.3125,456,423.6875,306.875,0.332049612051877,0.373535550767573,0.222934134525806,0.222934134525806,0.777065865474194,187.156530038303,329.568116117754,-2.8421709430404e-14,1074.32110528823,1539.13200288531,1145.88520916335,1940.77455205262,0.205303395019683,-0.118959925373237,0.310767685668917,-0.180060961700847,0.0763174215322173,0.29337041667959,-0.00771819139907562,-0.397945779692271,1,-1,-0.208175399474223,1,0.293566529511032,0.268097702817223,-0.163197255057916,16,1,"VMS1",1,362.527132419342
"VMS1_2",29.2,8.28,2.8,258.82,11.41,0.31,1653.5,1409.125,1428.25,1222.125,1517.5,1491.75,1490.25,1336.125,1403.75,1910.375,1013,729.875,426,1222.125,NA,0.611068950563747,0.687981695568401,0.744744058500914,0.611068950563747,0.388931049436253,62.0000000000001,683.387206575216,1122.99437594274,1278.92993283718,1366.74641148325,1184.8036839554,1373.55177407676,0.171462799430601,0.0389583544673408,0.111170473214675,-0.0857217086068644,0.206484025038189,0.0465786961809897,-0.0796207316182738,-0.478616570577748,0.459808181146105,0.0438153111840516,-0.353028945796795,0.417126208350932,0.0170703414300413,0.077163910839299,-0.079272173127445,8,0.5,"VMS1",2,910.69109947644
"VMS1_3",29.6,8.28,5.8,238.28,11.16,0.24,394.625,478.75,656.75,465.4375,833.25,921.6875,995.4375,887.6875,858.25,676.9375,660.4375,435.5625,504,436.8125,321.8125,0.352121640735502,0.386358493981356,0.232871011815418,0.232871011815418,0.767128988184582,207.685353030812,337.671358290781,0,1553.87861084064,2350.57265569077,1900.52062066149,3071.32325838555,0.238168915194133,-0.0855273668535556,0.291760304150193,-0.184907134681081,0.132832905245723,0.265358069324382,-0.0300210124145481,-0.370091019623311,1,-1,-0.141168344369813,1,0.483100595855634,0.24434523845392,-0.120969026473265,16,1,"VMS1",3,410.59754601227
"VMS1_4",29.6,8.33,5.7,371.9,14,0.21,824.375,771.625,926.875,707.875,1092.625,1206.875,1263.9375,1147.5,1129.1875,957.6875,768.5,492.5625,480,691.25,576.777777777778,0.4909002090339,0.507003594592483,0.34838817408423,0.34838817408423,0.65161182591577,336.082603047159,439.956978044593,-2.8421709430404e-14,1023.10395120658,1329.04359047892,1073.51380042463,1560.00142775557,0.258570736080585,-0.0728215808718183,0.215794060513686,-0.139618627045213,0.176281747036054,0.209947315132701,-0.0494975556788954,-0.403723325790678,1,-1,-0.154087674663081,1,0.102810039964985,0.186868131601131,-0.112124579461152,16,1,"VMS1",4,612.44705527941
"VMS1_5",30.2,8.37,6.8,356.37,13.46,0.24,689.615384615385,744.692307692308,866.692307692308,625.230769230769,1009.53846153846,1112.07692307692,1173.84615384615,1030.92307692308,1004.30769230769,1010.07692307692,642.538461538462,415.846153846154,556.538461538462,625.230769230769,525,0.544564758824357,0.489242059098113,0.295967228038234,0.295967228038234,0.704032771961766,481.737630844626,486.732437488123,0,1129.00592433643,1388.70743100834,1039.45265042522,1555.28957254423,0.284715513282949,-0.0420433714604947,0.235093998073648,-0.164906171497031,0.229883712347078,0.203330419485157,-0.0911531414356349,-0.308717118858694,1,-1,-0.029435967072942,1,0.184562949841126,0.19881569264681,-0.146934749764622,13,0.8125,"VMS1",5,643.150123631226
"VPS3_1",28.8,8.16,3.7,126.37,3.97,0.18,334.291666666667,446.125,688.625,489.666666666667,860.333333333333,727.208333333333,787.291666666667,736.25,693.5,1077.16666666667,531.041666666667,378.041666666667,460.291666666667,438.291666666667,341.5,0.328460383983689,0.401837014094623,0.237215079808708,0.237215079808708,0.762784920191292,161.369033526526,369.790521316663,0,1062.70843258695,1655.7465736956,1219.28950863214,1951.31171089438,0.197873873225409,0.0481306290660443,0.286097947269469,-0.185869354627659,0.228676059798751,0.133918157364104,0.0310882422595642,-0.230496081986691,1,-1,-0.043164980623307,1,0.433217385145538,0.242853385296313,-0.169027962395904,24,1,"VPS3",1,362.527132419342
"VPS3_2",29.2,8.22,3.1,126.34,5.28,0.17,1576.61538461538,1414.92307692308,1335.15384615385,1055.07692307692,1246.46153846154,1054,987.769230769231,878.076923076923,860.769230769231,1363.38461538462,485.076923076923,325.384615384615,431.615384615385,1055.07692307692,968,0.613583294415905,0.643137690825552,0.642947546055407,0.607590945527431,0.392409054472569,58.292861380265,191.14120858617,144.685673706596,1284.19230071073,1277.65918292234,1022.85692978858,1128.22369520414,0.292903500820346,0.214102880059004,0.0833325885268484,-0.117131593052123,0.474623310299586,-0.100042301618806,-0.144261575472675,-0.639981005784557,0.79936384787794,-0.202662800513293,-0.426949011270305,0.722515488800095,0.193103622249169,0.0491652104271009,-0.11071570328881,13,0.541666666666667,"VPS3",2,910.69109947644
"VPS3_3",29.4,8.21,4.6,85.9,4.04,0.28,389.041666666667,486.375,710.458333333333,509.625,912.083333333333,767.125,836.208333333333,734.125,721.5,825.458333333333,511.75,352.125,504.25,467.875,389.666666666667,0.357729844413013,0.417954490602468,0.254979217180464,0.254979217180464,0.745020782819536,184.750330574993,368.8199553408,-9.473903143468e-15,1578.6270691334,2542.80004772131,2080.95140873826,3361.89949625261,0.253548080264976,0.0558454841658356,0.291854758187127,-0.177586787644656,0.281691214611422,0.118262868506046,0.0104928093745396,-0.239959371408196,1,-1,0.00611096573863436,1,0.580370186767007,0.244519069780325,-0.113476923671033,24,1,"VPS3",3,410.59754601227
"VPS3_4",29.5,8.22,4,105.07,3.4,0.16,782.625,756.708333333333,971.875,738.875,1131.66666666667,980.125,1008.66666666667,914.583333333333,896.125,976.333333333333,608.75,401.541666666667,485.625,716.25,625.176470588235,0.481410372928595,0.531618738766899,0.363645152218238,0.363645152218238,0.636354847781762,285.828233392326,478.420952035078,-1.8947806286936e-14,1003.32581985327,1393.56897046172,1120.5262359721,1615.74338473253,0.254207626322681,0.0620522699962025,0.212396594253415,-0.141296107161213,0.297729377550695,0.078033913619405,-0.017211158609142,-0.271358182063549,1,-1,-0.0185119605425367,1,0.233662071886996,0.183453488528982,-0.11380494869654,24,1,"VPS3",4,612.44705527941
"VPS3_5",30.1,8.24,4.2,88.27,3.7,0.18,687.863636363636,766,953.272727272727,723.590909090909,1131.59090909091,956.590909090909,1007.86363636364,877.590909090909,855.090909090909,1144.54545454545,585.818181818182,403.681818181818,552,705.136363636364,614,0.560146252285192,0.538116131680907,0.342528240989779,0.342528240989779,0.657471759010221,451.674629306168,524.779420708797,0,1161.30988477865,1527.43587129102,1202.97740497242,1743.32292264814,0.257580023109226,0.0752180000638421,0.222929709704397,-0.142711970360545,0.312566391979286,0.0662488516265926,-0.0346284045849229,-0.208748259217331,1,-1,0.0497058262887317,1,0.296170056213186,0.186495764955844,-0.12464806822757,22,0.916666666666667,"VPS3",5,643.150123631226
"VVR1_1",28.5,8.39,5.51,236.18,6.89,0.06,381.4,453.4,712.8,400.2,756.6,648.6,649.6,582.2,540.4,1146,534.6,372.2,456,372.8,303.8,0.333816616639293,0.415943980608672,0.193873672442705,0.193873672442705,0.806126327557295,231.695649510273,465.905210004745,0,1080.03811338733,1713.87352729021,996.513944223108,1716.03538217283,0.0824128274135201,0.20475532359746,0.315058951367004,-0.294023430263149,0.271132355232929,0.0873723560133428,-0.0791893613683633,0.0174925773520192,1,-1,0.0920763282449516,1,0.543924732125466,0.272455662055324,-0.278187662936581,5,1,"VVR1",1,362.527132419342
"VVR1_2",29.5,8.54,7.62,136.97,6.81,0.04,1567,1413,1504.5,1080.25,1427.5,1269.5,1231,1042,1006.25,1715.25,556.25,347.75,438,1080.25,NA,0.612749349522984,0.72471098265896,0.658287629494211,0.612749349522984,0.387250650477016,0,600.559447937163,192.938919394105,1282.44690506444,1439.71291866029,1047.26126999515,1292.08906589428,0.30884854267819,0.181627540331161,0.138485752505031,-0.164135218867293,0.463086935411226,-0.0180490462180671,-0.13344980990422,-0.26878265277325,0.762130191337755,-0.514191541482581,0.0451160025240341,0.688033796169414,0.160265742954841,0.104671734679073,-0.157802341911299,4,0.8,"VVR1",2,910.69109947644
"VVR1_3",29.3,9.04,13.44,142.82,6.49,0.12,410.4,470.2,740.4,424.8,802.6,640.8,647.6,533.6,495.2,964,518.8,351.6,504,397.4,344.8,0.345833097595474,0.435568829758349,0.21253896778663,0.21253896778663,0.78746103221337,225.983129671588,475.529517346252,4.54747350886464e-14,1526.12788055826,2649.96420901933,1734.58554512046,2958.34869148544,0.0876748777721467,0.280850843504968,0.315099082253838,-0.286266864000264,0.334911461134878,-0.00881696590988514,-0.0687393499413064,0.0920323366655418,1,-1,0.160694828469907,1,0.701553155124262,0.268320290552883,-0.225457939755754,5,1,"VVR1",3,410.59754601227
"VVR1_4",28.3,8.66,3.25,139.85,4.16,0.05,783.4,693.6,948.8,615.4,956.8,787.8,777.4,677.8,679.8,1173.4,633,413.8,480,596.2,532,0.441261474143415,0.518996639837462,0.302875623989313,0.302875623989313,0.697124376010687,306.049511740852,560.140786708943,-4.54747350886464e-14,919.649960222752,1360.48178950387,933.272672126175,1366.07652769846,0.0674288440803964,0.2411302610524,0.216762092211428,-0.220400687463635,0.293765140738506,-0.0305734543312406,-0.0677861564836467,0.00274658583194264,1,-1,0.064932180940859,1,0.392908568288745,0.187838770729455,-0.193733262126635,5,1,"VVR1",4,612.44705527941
"VVR1_5",29.7,8.85,7.57,80.05,3.65,0.05,881.2,945.4,1205.2,798.4,1168.6,917.6,936.4,775.4,753.4,1222.4,547.2,356.6,552,798.4,NA,0.691334552102377,0.680327406152978,0.377940828402367,0.377940828402367,0.622059171597633,688.473446165131,859.049782251136,9.09494701772928e-14,1433.29290479078,1931.10078513059,1327.34829592685,1800.3389308273,0.189521567645559,0.225355586335711,0.188016966312475,-0.201484503578202,0.388582479152878,-0.02840510583901,-0.0843604694467549,0.056996274450892,1,-1,0.232070663946943,1,0.430053992004694,0.151048411349423,-0.183769035440045,5,1,"VVR1",5,643.150123631226
