pondday,temp,ph,do,chl,pc,amm,B1,B2,B3,B4,B5,B6,B7,B8,B8A,B9,B11,B12,NDMI,NDWI,NDCI,NDTI,MNDWI,NDVI,mNDHI,cells_count,cells_prop,pond,day,dark_day
GIL2_1,28.4,8.19,3.4,61.55,1.6,0.06,229.555555555556,287.666666666667,423.888888888889,284.444444444444,456.444444444444,264.888888888889,272.444444444444,236,217.555555555556,658.555555555556,241.222222222222,172.666666666667,-0.00348492511621649,0.328060300974606,0.233357733383665,-0.201333902593538,0.323199887069868,-0.142345876764272,-0.00945914508903687,9,1,GIL2,1,362.527132419342
GIL2_2,28.7,8.23,2.5,55.76,2.1,0.06,NA,NA,NA,NA,NA,NA,NA,NA,NA,NA,NA,NA,NA,NA,NA,NA,NA,NA,NA,0,0,GIL2,2,910.69109947644
GIL2_3,29.2,8.33,7.7,56.81,2,0.13,325.333333333333,379.333333333333,504.555555555556,353.555555555556,540.222222222222,358.333333333333,370.333333333333,297.333333333333,280.555555555556,640.222222222222,247.666666666667,168.555555555556,0.117628341475937,0.305993089089308,0.209897025680021,-0.181003309550146,0.401093178568766,-0.137012414127957,-0.0403870064050194,9,1,GIL2,3,410.59754601227
GIL2_4,29,8.28,4.2,66.67,2.09,0.09,682,608.555555555556,744,553.555555555556,745,560.222222222222,541.111111111111,467.111111111111,468.333333333333,840,355.666666666667,225.666666666667,0.152997351079752,0.244515347653645,0.147176014326714,-0.148275620263709,0.378323236423366,-0.101542950788999,-0.049107848553491,9,1,GIL2,4,612.44705527941
GIL2_5,29.6,8.25,2.2,75.52,2.08,0.11,610.625,646.875,730,546.625,755.375,588.5,586.875,476.375,461.875,985.25,321.25,214.75,0.198140418174913,0.211134597494621,0.160348470424927,-0.143783447711884,0.391661358158635,-0.0696193181148373,-0.0839800178914806,8,0.888888888888889,GIL2,5,643.150123631226
GOW2_1,28.5,8.48,8.79,185.36,6.53,0.33,341.277777777778,414.5,570.888888888889,355.333333333333,665.111111111111,529.944444444444,572.166666666667,496.777777777778,461.055555555556,810.166666666667,342.888888888889,249.611111111111,0.198629767503723,0.12078515231659,0.30516067493181,-0.23702455206631,0.302374892224226,0.115363271092874,-0.0818201965233263,18,1,GOW2,1,362.527132419342
GOW2_2,29.4,8.42,6.73,123.2,8.32,0.17,1344.3125,1172.8125,1163.9375,908,1171.4375,1085.6875,1044.5,897.9375,883.8125,1305.6875,455.6875,283.6875,0.333148515505328,0.130186421159867,0.12635473383788,-0.123667390574926,0.442469104383274,-0.00672251430942077,-0.1273749317009,16,0.888888888888889,GOW2,2,910.69109947644
GOW2_3,29.5,8.87,11.04,131.93,9.69,0.11,320.555555555556,368.277777777778,512.277777777778,309.722222222222,609.166666666667,519.333333333333,583.055555555556,452.222222222222,396.777777777778,575.944444444444,269.222222222222,170.166666666667,0.306433198729681,0.117959024301458,0.328052866160976,-0.250880058882866,0.387491557347008,0.132118933379106,-0.0913961473584078,18,1,GOW2,3,410.59754601227
GOW2_4,30.1,8.55,11.51,127.99,6.82,0.14,1676.5,1312.5,1367.25,1078,1394.5,1273.5,1256,1165,1111.75,1880.5,781.5,499.75,0.201884199522444,0.0811901580313086,0.128234812298447,-0.118371778171118,0.277672848350716,0.0374173806862822,-0.0980986525801821,4,0.222222222222222,GOW2,4,612.44705527941
GOW2_5,30.3,8.35,7.5,99.03,6.67,0.13,NA,NA,NA,NA,NA,NA,NA,NA,NA,NA,NA,NA,NA,NA,NA,NA,NA,NA,NA,0,0,GOW2,5,643.150123631226
GRA1_1,28.3,8.37,3.2,276.81,10.47,0.12,301.8,427.325,633.475,399.5,818.2,580,586.3,493.7,372.8,491.125,210.65,165.2,0.462505592052918,0.150039675227123,0.349850770572188,-0.234655441335027,0.562831883619982,0.0871389742188896,-0.0415100404027238,40,1,GRA1,1,362.527132419342
GRA1_2,28.9,8.43,3,148.63,7.61,0.12,1908.33333333333,1617,1582.66666666667,1274,1587,1374.33333333333,1339,1231,1120.33333333333,2092.33333333333,663,502,0.300556222706956,0.12590753134908,0.109402106196582,-0.108052251348648,0.410675655389246,-0.018146866527337,-0.118444459659626,3,0.075,GRA1,2,910.69109947644
GRA1_3,29.2,8.48,3.3,111.26,5.64,0.17,456.15,561.75,750.25,505.2,908.2,630.075,639.875,500.325,403.875,355.525,188.425,137.175,0.53285362745215,0.224248372821931,0.288674448851049,-0.200320076634149,0.661677691452599,-0.0262945018903418,-0.0581550225428669,40,1,GRA1,3,410.59754601227
GRA1_4,28.4,8.54,4,132.52,5.78,0.15,775.325,739.275,914.225,658.6,1052.05,801.675,798.725,664.175,578.75,572.025,280.55,192.2,0.450991030110136,0.172347318529145,0.231555898881702,-0.164991052016109,0.570340872590382,-0.00821105691205626,-0.0602973201192819,40,1,GRA1,4,612.44705527941
GRA1_5,30.1,8.57,4.7,114.96,5.27,0.18,658.975,751.775,912.1,680.15,1068.375,864.8,892.575,727.35,657.05,767.075,304.05,219.475,0.450701886330774,0.126608314195631,0.223659236175779,-0.148268858702315,0.539610229481399,0.0217169041541163,-0.0527134652171733,40,1,GRA1,5,643.150123631226
JAG1_1,28.4,8.22,2.1,253.65,7.19,0.25,400.736842105263,476.263157894737,670,434.736842105263,807.947368421053,586.947368421053,606,528,465.631578947368,624.157894736842,327.789473684211,227.315789473684,0.246789674166418,0.141301817160935,0.302952926978756,-0.215976929162289,0.368511955531567,0.0740009070439292,-0.0474181199085418,19,1,JAG1,1,362.527132419342
JAG1_2,29.2,8.3,2.1,158.34,7.17,0.03,1874.33333333333,1457.83333333333,1409.33333333333,1181.33333333333,1431.5,1318.66666666667,1295.66666666667,1092.66666666667,1194.66666666667,2232,779.833333333333,592,0.17566017167317,0.134227793996967,0.0956690653122578,-0.0889635943149125,0.301657167171895,-0.0462426199925724,-0.105634641081211,6,0.315789473684211,JAG1,2,910.69109947644
JAG1_3,28.9,8.28,2.8,138.85,6.22,0.25,366.263157894737,451.210526315789,665.684210526316,423.578947368421,824.052631578947,569.684210526316,595.631578947368,476.526315789474,429,355.947368421053,256.210526315789,177.315789473684,0.336275075201136,0.19756495757748,0.323648987393685,-0.225713634567325,0.483967686460133,0.0245330585247686,-0.0348190187501776,19,1,JAG1,3,410.59754601227
JAG1_4,29.3,8.33,4.5,154.75,6.48,0.21,772.263157894737,727.157894736842,914.157894736842,656.210526315789,1034.21052631579,836.736842105263,851.473684210526,730,687.210526315789,627.263157894737,372.578947368421,237.684210526316,0.338962559909794,0.124354680970166,0.224101764921441,-0.165313628764891,0.438190579264978,0.0404098950331151,-0.0523455923418903,19,1,JAG1,4,612.44705527941
JAG1_5,29.8,8.3,3.6,182.92,7.41,0.41,685.473684210526,750.578947368421,900.789473684211,657.526315789474,1062.52631578947,879.684210526316,914.736842105263,765.210526315789,714.684210526316,831.473684210526,403.842105263158,286.578947368421,0.322337474030348,0.0950126150954624,0.236744594238646,-0.157513291572119,0.399114830533485,0.062132683024848,-0.0667983441440166,19,1,JAG1,5,643.150123631226
JKS1_1,28.6,8.34,2,110.52,6.8,0.16,374.75,420,569.75,484.5,813.75,747.5,783.5,734.5,713.25,1316.75,710.5,479,0.00184814590103242,-0.0841647954272075,0.255061423551446,-0.0842634845969626,-0.0828593291869993,0.165470020510933,0.0674372294545141,4,1,JKS1,1,362.527132419342
JKS1_2,29.3,7.89,1.21,52.38,5.6,0.03,NA,NA,NA,NA,NA,NA,NA,NA,NA,NA,NA,NA,NA,NA,NA,NA,NA,NA,NA,0,0,JKS1,2,910.69109947644
JKS1_3,29.3,8.36,3.17,81.72,4.79,0.11,426.25,480,618,524.75,848,706.75,736.75,665.5,669.25,1145.25,700.5,481.25,-0.0365472447900601,-0.00403955481554763,0.235791718669847,-0.0851422222077705,-0.0391517936074361,0.0870083386536848,0.0404636355831176,4,1,JKS1,3,410.59754601227
JKS1_4,29.4,7.94,3.6,85.07,2.91,0.1,751.25,670,800.75,677.75,990.5,860,863.5,777.75,782.25,1340.5,777,507.5,-0.00431490535759938,0.0347586033989504,0.187943831137684,-0.0851011989497085,0.0309925763268947,0.0491753784780041,0.0034560514894954,4,1,JKS1,4,612.44705527941
JKS1_5,30.3,7.96,2.35,74.61,4.99,0.1,632.25,675.25,793,656.25,982.5,914.5,959.75,849.75,843.75,1391,759.75,515.5,0.0552723985484838,-0.0174527573437321,0.19991069649698,-0.0965916188874491,0.0371881048590332,0.113071538868744,-0.0168577082433386,4,1,JKS1,5,643.150123631226
KIS1_1,28.9,8.03,3.3,95.45,2.91,0.03,330.25,374.125,502.25,384.625,616.125,531.375,563.875,512.125,501.125,1071.625,419.25,289.5,0.0992409404802372,0.106419689143877,0.232468954155302,-0.142661951237352,0.197317672953878,0.0316342368310377,0.00252412451389217,8,1,KIS1,1,362.527132419342
KIS1_2,29.5,8.06,3.84,44.31,2.5,0.04,1337.71428571429,1202.71428571429,1224.57142857143,1001,1234.57142857143,1165,1175.85714285714,1060,1078.42857142857,1536.71428571429,655.714285714286,399,0.266431064093753,0.0931035574157359,0.103653685607338,-0.100980932302133,0.341909221880551,0.00663284766926732,-0.0922960449218301,7,0.875,KIS1,2,910.69109947644
KIS1_3,30.1,8.53,6.88,52.15,2.49,0.08,318.75,376.25,549,392.75,664.5,508.5,510.5,441.75,460.125,796.625,366.125,241,0.11214463966764,0.25931234152958,0.259424979578224,-0.175458187264289,0.346259141318535,-0.104885107583415,0.0117995519430733,8,1,KIS1,3,410.59754601227
KIS1_4,29.9,8.1,5.55,32.1,1.06,0.1,861.5,793,939.5,735.875,1017.875,924.625,947.625,852.25,842.625,1060,544.75,335.875,0.259769087815386,0.0793834517477029,0.160021652864814,-0.123078884954874,0.32147186390705,0.0421364904648725,-0.0390950907426507,8,1,KIS1,4,612.44705527941
KIS1_5,31,8.11,7.06,41.81,2.78,0.17,630.571428571429,691.714285714286,794.142857142857,625.428571428571,905.571428571429,828.285714285714,862.428571428571,766.571428571429,785.142857142857,1191.14285714286,540.714285714286,357.142857142857,0.215091392150775,0.0840090032337848,0.182457145205088,-0.123535817303628,0.281185209979314,0.0365523556323947,-0.0562370632971542,7,0.875,KIS1,5,643.150123631226
NRO1_1,28.7,8.07,1.6,267.14,14.88,0.26,338.95652173913,415.739130434783,553.391304347826,420.978260869565,834.45652173913,752,794.804347826087,728.347826086957,671.369565217391,887.630434782609,502.5,364.695652173913,0.247750139787589,-0.0675004955370612,0.347639727304475,-0.153986576139024,0.174197405624571,0.219596308221304,-0.0131200446520264,46,1,NRO1,1,362.527132419342
NRO1_2,29.6,8.28,6.5,189.65,16,0.2,1438.14634146341,1268.9512195122,1260.75609756098,1020.92682926829,1340.82926829268,1150.36585365854,1115.9512195122,966.975609756098,949.560975609756,1291.87804878049,569.756097560976,387.170731707317,0.288996997544221,0.143661218214252,0.136067983433069,-0.106231531572848,0.408187046616294,-0.0387508128793292,-0.109490011716393,41,0.891304347826087,NRO1,2,910.69109947644
NRO1_3,29.3,8.13,1.1,137.97,12.4,0.21,361.434782608696,443.347826086957,583.108695652174,435.369565217391,836.239130434783,736.282608695652,786.086956521739,685.847826086957,654.95652173913,598.630434782609,470.869565217391,325.217391304348,0.297532126636473,0.00169682547123851,0.327668516757436,-0.161373459147933,0.275364114175286,0.158675577411528,-0.0272355189202034,46,1,NRO1,3,410.59754601227
NRO1_4,30,8.24,5.3,134.54,10.82,0.18,731.613636363636,676.75,770.75,620.477272727273,953.477272727273,851.5,865.522727272727,775.5,764.045454545455,798.818181818182,524.818181818182,346.568181818182,0.256838416848107,0.0390762868203289,0.214589895505807,-0.114069557082366,0.280162899059741,0.0742556572238139,-0.0504781596930479,44,0.956521739130435,NRO1,4,612.44705527941
NRO1_5,30.5,8.26,5.2,104.24,6.31,0.43,672.818181818182,723.113636363636,795.75,665.545454545455,980.363636363636,898.204545454545,933.977272727273,819.954545454545,832.568181818182,1015.90909090909,586.5,406.477272727273,0.214005035210259,0.0299959072262221,0.194526704835108,-0.0950592406939121,0.23290037231307,0.0640864831357006,-0.048091090558972,44,0.956521739130435,NRO1,5,643.150123631226
NSR1_1,27.9,8.24,3.7,52.33,10.6,0.23,404.603448275862,622.01724137931,1012.48275862069,577.775862068965,1383.01724137931,1126.05172413793,1173.18965517241,1011.03448275862,816.793103448276,786.189655172414,331.896551724138,231.275862068966,0.548549282017067,0.0396059049619526,0.408011776569567,-0.272595700922881,0.55260375140297,0.229801131786533,-0.0372892017212683,58,1,NSR1,1,362.527132419342
NSR1_2,28.5,8.42,5.7,42.25,12.09,0.12,2188.83333333333,1759.66666666667,1775.83333333333,1555.5,1912.66666666667,1784,1778,1317.83333333333,1656.83333333333,2425.16666666667,1083.83333333333,919.666666666667,0.145089772882378,0.154557372623274,0.105134246906084,-0.077195622680381,0.289056051715177,-0.0781558668468976,-0.0745165711077372,6,0.103448275862069,NSR1,2,910.69109947644
NSR1_3,28.9,8.51,7.6,73.02,12.02,0.14,412.793103448276,577.586206896552,869.655172413793,537.810344827586,1192.91379310345,922.379310344828,971.241379310345,800.534482758621,678.293103448276,485.620689655172,288.327586206897,185.120689655172,0.564554001179925,0.0696232372233442,0.379985701409056,-0.237484099355993,0.57870660041591,0.168152490915079,-0.0376927988025908,58,1,NSR1,3,410.59754601227
NSR1_4,29.2,8.57,9.6,96.64,11.57,0.17,765.862068965517,772.48275862069,1004.22413793103,709.01724137931,1281.31034482759,1055.12068965517,1093.05172413793,933.241379310345,830.758620689655,683.568965517241,381.862068965517,238.344827586207,0.470458179542857,0.0533464779396821,0.287957221526875,-0.172892588828425,0.494882314546617,0.119271281564507,-0.0435172600257826,58,1,NSR1,4,612.44705527941
NSR1_5,29.7,8.51,4.1,103.71,10.89,0.3,641.592592592593,744.12962962963,906.481481481482,659.018518518518,1211.14814814815,996.259259259259,1037.5,861.388888888889,757.62962962963,776.333333333333,376.055555555556,270.574074074074,0.432753586124945,0.0397755405245153,0.296174744822993,-0.159203893976783,0.454597884105621,0.119332120081663,-0.0619390392385386,54,0.931034482758621,NSR1,5,643.150123631226
PKR1_1,29.7,8.18,4.8,257.05,7.33,0.21,417.8,476.7,664.9,451.2,842.6,889.7,955,870.8,863.2,1197.9,630.4,410.9,0.154743186021365,-0.079214760452275,0.306155625809763,-0.196143416547092,0.068963711377009,0.269435278727694,-0.031633023435331,10,1,PKR1,1,362.527132419342
PKR1_2,29.9,8.25,6.6,190.67,7.32,0.17,NA,NA,NA,NA,NA,NA,NA,NA,NA,NA,NA,NA,NA,NA,NA,NA,NA,NA,NA,0,0,PKR1,2,910.69109947644
PKR1_3,30.5,8.33,8.1,228.51,9.81,0.25,364.3,432.8,613.4,414.2,833.5,839.7,941.2,797.4,809.8,1044.5,605.6,385.8,0.135186150276928,-0.0571015385254339,0.342274484320193,-0.205206369221575,0.0705573532986499,0.257438892189501,-0.0333599151889953,10,1,PKR1,3,410.59754601227
PKR1_4,30.5,8.25,2.8,36.69,1.13,1.08,924,897.7,1097.7,831.9,1201.9,1135.3,1194.6,1066.7,1099.1,1179.7,757.6,475.2,0.17341911745569,0.0507373316044004,0.18363093528196,-0.141887518583254,0.216701884168123,0.0892591146529821,-0.0418150085495728,10,1,PKR1,4,612.44705527941
PKR1_5,NA,NA,NA,NA,NA,NA,733.5,866.5,1046.25,798.25,1244,1282.5,1386.75,1251,1275,1479,741.5,441,0.293909088499369,-0.0747704751111852,0.220804509971891,-0.13767211156792,0.216760221133517,0.210906279575374,-0.0441622282653051,4,0.4,PKR1,5,643.150123631226
PNR1_1,28.3,8.34,2.87,182.11,7.64,0.14,360.320754716981,425.490566037736,591.150943396226,398.509433962264,737.509433962264,567.283018867925,581.358490566038,516.320754716981,455.943396226415,734.245283018868,359.905660377359,259.88679245283,0.241034805123213,0.12933348202702,0.305949668816486,-0.206746934430345,0.346153105169373,0.0774496079331893,-0.0456773150079371,53,1,PNR1,1,362.527132419342
PNR1_2,28.6,8.48,5.94,106.35,8.78,0.14,1137.29411764706,1008.43137254902,1108.94117647059,840.21568627451,1184.23529411765,1018.13725490196,1008.27450980392,861.078431372549,842.156862745098,1145.45098039216,460.647058823529,302.176470588235,0.346805996071022,0.136023269968116,0.170359559213947,-0.139262078530712,0.452380336362752,0.00269781308646634,-0.0925858407372451,51,0.962264150943396,PNR1,2,910.69109947644
PNR1_3,29.3,9.1,12.94,77.2,9.27,0.16,298.358490566038,372.528301886792,588.396226415094,370.11320754717,777.452830188679,514.471698113208,526.716981132075,426.207547169811,376.905660377359,473.528301886792,295.943396226415,204.377358490566,0.315098188652477,0.250560826343471,0.365519422354364,-0.242351996184265,0.488878959254897,-0.0166027819487916,-0.0182882071436266,53,1,PNR1,3,410.59754601227
PNR1_4,28.6,8.67,5.4,86.14,8.71,0.2,787.924528301887,724.150943396226,915.528301886792,665.037735849057,1059.92452830189,832.754716981132,836.094339622642,723.094339622642,676.245283018868,759.415094339623,429.716981132075,283.207547169811,0.321580344432993,0.146467576714261,0.230673220773772,-0.161949952877764,0.432126846229732,0.0141503502822533,-0.0461353757295889,53,1,PNR1,4,612.44705527941
PNR1_5,29.8,8.73,8.77,105.6,9.88,0.15,634.372549019608,700.549019607843,859.862745098039,628.843137254902,1043.8431372549,850.803921568627,876.941176470588,732.352941176471,672.588235294118,897.235294117647,421.686274509804,294.411764705882,0.325554051278376,0.0997234227143995,0.25018442487748,-0.158522404159789,0.402000387193395,0.0590534806245682,-0.0576780575044457,51,0.962264150943396,PNR1,5,643.150123631226
PRA1_1,29,8.36,3.3,358.49,11.2,0.19,295,347.84,520.76,301.64,639.88,563.28,584.32,495.56,398.4,748.56,291,217.28,0.301383520888724,0.0536560224104695,0.364086232369299,-0.272815947337236,0.340465332486353,0.221613656157498,-0.0766898538269069,25,1,PRA1,1,362.527132419342
PRA1_2,30,8.42,9.28,151.73,10.74,0.08,1844,1600.14285714286,1637.64285714286,1475.21428571429,1783.71428571429,1754.78571428571,1753.35714285714,1518.21428571429,1646.28571428571,2421.14285714286,1315.78571428571,1046.5,0.130584845553077,0.0532862663790799,0.0999063885260988,-0.0653359825630188,0.178652441974245,0.0120175772813535,-0.0548580226207222,14,0.56,PRA1,2,910.69109947644
PRA1_3,29.8,8.61,3.9,180.58,10.31,0.17,320.52,373.72,528.52,307.96,630.84,539.72,552.6,436.36,373.4,496.36,235.12,153.32,0.376103447607405,0.126616465321742,0.347943363997934,-0.269248046798379,0.46062206139315,0.145867147802997,-0.102425705443172,25,1,PRA1,3,410.59754601227
PRA1_4,29.6,8.23,4.39,171.74,8.65,0.23,1194.42857142857,926.142857142857,920.285714285714,737.142857142857,902.857142857143,804.571428571429,776.142857142857,667.428571428571,669.285714285714,1100.85714285714,443.571428571429,301.857142857143,0.209148915878683,0.163711216961703,0.103013426048958,-0.112864534418951,0.359271180197643,-0.0519960284700651,-0.116020519825021,7,0.28,PRA1,4,612.44705527941
PRA1_5,31.2,8.29,11.59,124.1,6.84,0.29,1069.875,1005.9375,1041.75,836.6875,1098.125,998.5625,1006.125,847.5,876.5,1375.6875,667.5625,550.6875,0.180106912341885,0.150129553379895,0.156024701592322,-0.134042766866351,0.314846624218522,-0.0175090407024572,-0.115383231730161,16,0.64,PRA1,5,643.150123631226
SBR1_1,28.9,7.96,3.99,255.62,11.06,0.14,440.56,472.76,593.36,401.92,717.8,604.84,608.64,524.56,441.12,853.2,398.56,300.24,0.181593979938928,0.101298583246203,0.288916157866611,-0.201713256826726,0.270013017260077,0.10082603409674,-0.0901978971075434,25,1,SBR1,1,362.527132419342
SBR1_2,29.7,8.22,7.55,132.7,12.73,0.1,NA,NA,NA,NA,NA,NA,NA,NA,NA,NA,NA,NA,NA,NA,NA,NA,NA,NA,NA,0,0,SBR1,2,910.69109947644
SBR1_3,30.4,8.77,13.87,147.42,12.66,0.15,344.8,396.8,533.24,324.96,671.84,533.28,515.68,391.44,322.56,540.52,282.04,210.36,0.282085633657881,0.233442719735934,0.359579183411026,-0.258922201977246,0.451933640242123,0.0204713316545625,-0.117508474758444,25,1,SBR1,3,410.59754601227
SBR1_4,30.4,8.25,9.08,129.88,9.92,0.11,727.916666666667,649.125,774.5,545.875,859.25,752.791666666667,733.041666666667,616.916666666667,558.625,804.708333333333,404.625,276.416666666667,0.26342454210389,0.133125649594586,0.225437752303088,-0.177789355653073,0.373768976529915,0.0448102304884509,-0.0912336082195714,24,0.96,SBR1,4,612.44705527941
SBR1_5,30.9,8.26,10.1,113.92,10.37,0.2,636.041666666667,676.333333333333,781.5,546.416666666667,881.916666666667,768.583333333333,761.75,608.25,542.375,952.041666666667,396.125,300.958333333333,0.265977799982925,0.151051903646891,0.238754161021392,-0.183221008864489,0.390772211909367,0.0318185291864328,-0.11291565274173,24,0.96,SBR1,5,643.150123631226
SNR2_1,28.2,8.26,4.7,314.77,8.74,0.01,337.733333333333,429.666666666667,651.866666666667,444.466666666667,787.733333333333,758.466666666667,817.666666666667,757.733333333333,714.866666666667,947.4,689.666666666667,475,0.0950290086696666,0.0813067983110828,0.294736513891405,-0.220233282729892,0.160191945726511,0.133516677446998,-0.0147951021643835,15,1,SNR2,1,362.527132419342
SNR2_2,29,8.2,3.58,195.48,9.76,0.05,2143.66666666667,1762,1655,1274.22222222222,1514.33333333333,1428.44444444444,1352.33333333333,1167,1151.55555555556,2046.11111111111,524.555555555556,354.444444444444,0.380462337354498,0.173320905864509,0.0860360085999695,-0.129998421962913,0.519303279954601,-0.0443817581601032,-0.160667905010215,9,0.6,SNR2,2,910.69109947644
SNR2_3,28.5,8.63,3.73,214.55,9.75,0.07,404,485.8,695.533333333333,485.2,823.2,835.6,883.666666666667,775.2,745.533333333333,791.6,690.133333333333,481.466666666667,0.191314634965114,0.0806362295668745,0.273958357077978,-0.208989126478899,0.232154282417048,0.125266290804909,-0.0338888286417411,15,1,SNR2,3,410.59754601227
SNR2_4,28,8.38,3.82,199.88,8.94,0.07,731.8,698.8,922.4,678.066666666667,1032.2,1060.8,1103.66666666667,996.6,963.933333333333,1043.53333333333,798.133333333333,534.533333333333,0.209469604500009,0.0338253400007496,0.214093486643809,-0.168849383945818,0.219872555986263,0.134702111401702,-0.0321434655401684,15,1,SNR2,4,612.44705527941
SNR2_5,29.2,8.62,6.72,308.93,14.26,0.15,628.454545454545,703.727272727273,902.636363636364,627.909090909091,1005.63636363636,1035,1081.63636363636,905.090909090909,797.545454545455,810.181818181818,478.818181818182,350.363636363636,0.384822866816875,0.0182732490548894,0.237607031357977,-0.189362339776732,0.389012955488412,0.172549706373263,-0.067952354479539,11,0.733333333333333,SNR2,5,643.150123631226
SRI1_1,28.6,8.2,2.7,138.97,4.88,0.44,360.107142857143,450.071428571429,653.821428571429,418.035714285714,785,554.25,572.5,505.642857142857,446.142857142857,657.214285714286,353.25,239.964285714286,0.250288250730508,0.183761068675707,0.309343396534057,-0.22725657458875,0.396916343240821,0.0411114165513252,-0.044921173978679,28,1,SRI1,1,362.527132419342
SRI1_2,29.5,8.27,6.4,85.36,6.82,0.66,2707.33333333333,2331.66666666667,2125.66666666667,1653,1845.66666666667,1504,1392.66666666667,1227.33333333333,1189.66666666667,2531,653,493.666666666667,0.305520143774649,0.267943388670653,0.0550703269422004,-0.125031999100249,0.529921711256724,-0.147863886741207,-0.170269755281177,3,0.107142857142857,SRI1,2,910.69109947644
SRI1_3,29.2,8.23,4.2,177.07,8.4,0.54,359.607142857143,462.535714285714,651.25,420.785714285714,804.892857142857,621.142857142857,639.285714285714,534.607142857143,505.142857142857,576.892857142857,331.428571428571,217.285714285714,0.341748052497853,0.167398146175589,0.316919145882827,-0.223216864877084,0.452729354221309,0.0525071584850375,-0.0567110283717711,28,1,SRI1,3,410.59754601227
SRI1_4,29.7,8.17,4.2,101.82,6.74,0.14,730.607142857143,689.392857142857,844.714285714286,616.714285714286,971.5,760.892857142857,754.107142857143,659.214285714286,621.714285714286,761.821428571429,428.642857142857,272.357142857143,0.279884738592296,0.156767611568141,0.224404786976557,-0.159337663616537,0.402590767542495,0.000517833818207605,-0.0594392762692316,28,1,SRI1,4,612.44705527941
SRI1_5,30.6,8.23,7.7,101.43,7.05,0.15,621.259259259259,704.555555555556,848.962962962963,620.407407407407,991.814814814815,796.851851851852,815.481481481482,692.037037037037,652.259259259259,915.074074074074,434.777777777778,302.518518518519,0.283462271021395,0.128622732753128,0.231875574762566,-0.158927245095635,0.38664048853819,0.0296893064518778,-0.0673537216175315,27,0.964285714285714,SRI1,5,643.150123631226
SRI2_1,28.5,8.14,3.1,118.74,4.97,0.08,311.153846153846,394.923076923077,561.423076923077,362.846153846154,641.038461538462,506.884615384615,535.461538461538,489.269230769231,444.5,794.038461538462,402.884615384615,272,0.116461943162803,0.210297796007498,0.281205578486937,-0.228240730446481,0.307756547975283,0.00883462327107239,-0.0575364875564112,26,1,SRI2,1,362.527132419342
SRI2_2,28.6,8.19,0.8,170.45,8.01,0.08,NA,NA,NA,NA,NA,NA,NA,NA,NA,NA,NA,NA,NA,NA,NA,NA,NA,NA,NA,0,0,SRI2,2,910.69109947644
SRI2_3,29.7,8.19,7,95.73,6.84,0.15,379.230769230769,447.346153846154,595.153846153846,397.423076923077,765.423076923077,715.230769230769,749.076923076923,624.038461538462,561.5,731.230769230769,391.038461538462,258.653846153846,0.339526273781485,0.0612514119071287,0.323190530986707,-0.211598950804134,0.369743127506428,0.1508164680589,-0.0732199049967011,26,1,SRI2,3,410.59754601227
SRI2_4,29.4,8.27,6.3,155.79,6.97,0.13,727.346153846154,678.192307692308,824.884615384615,602.115384615385,941.923076923077,852,868.692307692308,762.038461538462,728.692307692308,902.884615384615,507.423076923077,326.038461538462,0.257029294812776,0.0933919558521263,0.22084227506135,-0.160818684350182,0.329219322198042,0.0663760393484401,-0.0650571433697087,26,1,SRI2,4,612.44705527941
SRI2_5,29.8,8.2,2.2,170.53,8.28,0.24,606.769230769231,669.192307692308,796.153846153846,582.115384615385,943.115384615385,912.5,948.192307692308,811.038461538462,770.692307692308,1076.30769230769,512.923076923077,345.884615384615,0.290067433725278,0.0425656304003557,0.238940017582301,-0.160853550432162,0.316538337776918,0.118200637586045,-0.0759688370753475,26,1,SRI2,5,643.150123631226
SRK1_1,27.9,8.85,7.65,621.83,16.36,0.07,276.041666666667,347.458333333333,652.5,317.25,712.916666666667,846.75,884.416666666667,789.708333333333,672.833333333333,974.583333333333,498.291666666667,339.083333333333,0.317120924478037,0.0263353454223064,0.405515766870076,-0.376697502088885,0.309282467383958,0.358501091532739,-0.0825390906547407,24,1,SRK1,1,362.527132419342
SRK1_2,28.7,8.66,2.04,377.58,19.03,0.07,1354.88888888889,1205.61111111111,1338.55555555556,934.944444444444,1314.88888888889,1433.22222222222,1449.88888888889,1234.83333333333,1155.77777777778,1392.33333333333,528.5,323.888888888889,0.436428010134714,0.053859203366384,0.168853666923801,-0.178171980759133,0.469305635190566,0.124558759195269,-0.127059440295071,18,0.75,SRK1,2,910.69109947644
SRK1_3,28.6,8.96,3.86,477.38,22.65,0.08,379,453.916666666667,733.875,397.833333333333,789.541666666667,991.25,1047.54166666667,892.25,774.708333333333,789.583333333333,487.666666666667,322.833333333333,0.453122258443435,-0.0258650679564319,0.342085367287393,-0.317643138278131,0.395585572868467,0.344639080564999,-0.0902607854348782,24,1,SRK1,3,410.59754601227
SRK1_4,29.1,8.69,9.18,383.74,18.03,0.09,750.5,692.166666666667,928.75,605.083333333333,966.583333333333,1151.875,1196.66666666667,1053.75,958.458333333333,953.208333333333,599.458333333333,378.708333333333,0.364842029862369,-0.0147066480473161,0.233482265515072,-0.220816015026848,0.331666444421518,0.234874873851681,-0.0777031233773652,24,1,SRK1,4,612.44705527941
SRK1_5,29.6,8.6,4.66,401,17.01,0.3,736.411764705882,802.294117647059,1021.52941176471,642.941176470588,1038.17647058824,1178.94117647059,1216.11764705882,1000.70588235294,851.588235294118,1080.64705882353,384.352941176471,255.117647058824,0.480690258428991,0.0196906072268107,0.236796123682697,-0.230447674826323,0.490153151503255,0.211868398820547,-0.112340466210577,17,0.708333333333333,SRK1,5,643.150123631226
SRV1_1,28.6,8.31,3.75,213.31,6.27,0.06,321.166666666667,396,624.375,383.625,744.583333333333,616.541666666667,649.5,590.333333333333,532.5,908.875,407.083333333333,284.166666666667,0.219059082745285,0.0971272688944041,0.324352403342796,-0.246702301187239,0.294280082087798,0.148692378193547,-0.0233977309444925,24,1,SRV1,1,362.527132419342
SRV1_2,28.7,8.09,4.57,98.44,4.68,0.08,1226.04347826087,1098.08695652174,1183.13043478261,909.652173913043,1239.78260869565,1144.60869565217,1156.69565217391,1024.4347826087,1006.47826086957,1318.69565217391,584.95652173913,369.869565217391,0.297445498777698,0.0813164708544124,0.154162751413391,-0.131838371665456,0.363615592272205,0.0504017572723419,-0.0948101053113892,23,0.958333333333333,SRV1,2,910.69109947644
SRV1_3,29.4,8.66,3.32,185.66,8.58,0.11,325.625,412.541666666667,632.875,379.125,761.5,663.25,696.583333333333,587.333333333333,533.916666666667,567.791666666667,348.166666666667,233.208333333333,0.341636197216274,0.0858770571148282,0.339271756117299,-0.257194152186283,0.388892963041347,0.172340048400646,-0.0492527473904427,24,1,SRV1,3,410.59754601227
SRV1_4,29.3,8.33,5.4,139.9,4.9,0.13,1068.63636363636,860.909090909091,924.045454545455,727.909090909091,954.318181818182,867.318181818182,865.772727272727,728.181818181818,764.454545454545,1012.77272727273,507.090909090909,352.318181818182,0.220678923183199,0.139253025111158,0.136080768537512,-0.12818560798255,0.344266788098689,-0.0122739419112457,-0.0939953864737551,22,0.916666666666667,SRV1,4,612.44705527941
SRV1_5,30.2,8.31,6.75,132.31,5.84,0.13,818.590909090909,816.681818181818,841.454545454545,648.136363636364,863.409090909091,761,757.818181818182,618.954545454545,628.136363636364,888.727272727273,387.636363636364,263.727272727273,0.262392548656691,0.169627218422391,0.146333319032309,-0.137530017214419,0.408363275631187,-0.0338674728769621,-0.123297051630758,22,0.916666666666667,SRV1,5,643.150123631226
VMS1_1,28.7,8.2,2.7,335.43,10.17,0.28,362.0625,451,640.125,460.1875,855.6875,931.5,991.625,929.5,867.0625,1014.625,684.5625,470.3125,0.205303395019683,-0.118959925373237,0.310767685668917,-0.180060961700847,0.0763174215322173,0.29337041667959,-0.00771819139907562,16,1,VMS1,1,362.527132419342
VMS1_2,29.2,8.28,2.8,258.82,11.41,0.31,1653.5,1409.125,1428.25,1222.125,1517.5,1491.75,1490.25,1336.125,1403.75,1910.375,1013,729.875,0.171462799430601,0.0389583544673408,0.111170473214675,-0.0857217086068644,0.206484025038189,0.0465786961809897,-0.0796207316182738,8,0.5,VMS1,2,910.69109947644
VMS1_3,29.6,8.28,5.8,238.28,11.16,0.24,394.625,478.75,656.75,465.4375,833.25,921.6875,995.4375,887.6875,858.25,676.9375,660.4375,435.5625,0.238168915194133,-0.0855273668535556,0.291760304150193,-0.184907134681081,0.132832905245723,0.265358069324382,-0.0300210124145481,16,1,VMS1,3,410.59754601227
VMS1_4,29.6,8.33,5.7,371.9,14,0.21,824.375,771.625,926.875,707.875,1092.625,1206.875,1263.9375,1147.5,1129.1875,957.6875,768.5,492.5625,0.258570736080585,-0.0728215808718183,0.215794060513686,-0.139618627045213,0.176281747036054,0.209947315132701,-0.0494975556788954,16,1,VMS1,4,612.44705527941
VMS1_5,30.2,8.37,6.8,356.37,13.46,0.24,689.615384615385,744.692307692308,866.692307692308,625.230769230769,1009.53846153846,1112.07692307692,1173.84615384615,1030.92307692308,1004.30769230769,1010.07692307692,642.538461538462,415.846153846154,0.284715513282949,-0.0420433714604947,0.235093998073648,-0.164906171497031,0.229883712347078,0.203330419485157,-0.0911531414356349,13,0.8125,VMS1,5,643.150123631226
VPS3_1,28.8,8.16,3.7,126.37,3.97,0.18,334.291666666667,446.125,688.625,489.666666666667,860.333333333333,727.208333333333,787.291666666667,736.25,693.5,1077.16666666667,531.041666666667,378.041666666667,0.197873873225409,0.0481306290660443,0.286097947269469,-0.185869354627659,0.228676059798751,0.133918157364104,0.0310882422595642,24,1,VPS3,1,362.527132419342
VPS3_2,29.2,8.22,3.1,126.34,5.28,0.17,1576.61538461538,1414.92307692308,1335.15384615385,1055.07692307692,1246.46153846154,1054,987.769230769231,878.076923076923,860.769230769231,1363.38461538462,485.076923076923,325.384615384615,0.292903500820346,0.214102880059004,0.0833325885268484,-0.117131593052123,0.474623310299586,-0.100042301618806,-0.144261575472675,13,0.541666666666667,VPS3,2,910.69109947644
VPS3_3,29.4,8.21,4.6,85.9,4.04,0.28,389.041666666667,486.375,710.458333333333,509.625,912.083333333333,767.125,836.208333333333,734.125,721.5,825.458333333333,511.75,352.125,0.253548080264976,0.0558454841658356,0.291854758187127,-0.177586787644656,0.281691214611422,0.118262868506046,0.0104928093745396,24,1,VPS3,3,410.59754601227
VPS3_4,29.5,8.22,4,105.07,3.4,0.16,782.625,756.708333333333,971.875,738.875,1131.66666666667,980.125,1008.66666666667,914.583333333333,896.125,976.333333333333,608.75,401.541666666667,0.254207626322681,0.0620522699962025,0.212396594253415,-0.141296107161213,0.297729377550695,0.078033913619405,-0.017211158609142,24,1,VPS3,4,612.44705527941
VPS3_5,30.1,8.24,4.2,88.27,3.7,0.18,687.863636363636,766,953.272727272727,723.590909090909,1131.59090909091,956.590909090909,1007.86363636364,877.590909090909,855.090909090909,1144.54545454545,585.818181818182,403.681818181818,0.257580023109226,0.0752180000638421,0.222929709704397,-0.142711970360545,0.312566391979286,0.0662488516265926,-0.0346284045849229,22,0.916666666666667,VPS3,5,643.150123631226
VVR1_1,28.5,8.39,5.51,236.18,6.89,0.06,381.4,453.4,712.8,400.2,756.6,648.6,649.6,582.2,540.4,1146,534.6,372.2,0.0824128274135201,0.20475532359746,0.315058951367004,-0.294023430263149,0.271132355232929,0.0873723560133428,-0.0791893613683633,5,1,VVR1,1,362.527132419342
VVR1_2,29.5,8.54,7.62,136.97,6.81,0.04,1567,1413,1504.5,1080.25,1427.5,1269.5,1231,1042,1006.25,1715.25,556.25,347.75,0.30884854267819,0.181627540331161,0.138485752505031,-0.164135218867293,0.463086935411226,-0.0180490462180671,-0.13344980990422,4,0.8,VVR1,2,910.69109947644
VVR1_3,29.3,9.04,13.44,142.82,6.49,0.12,410.4,470.2,740.4,424.8,802.6,640.8,647.6,533.6,495.2,964,518.8,351.6,0.0876748777721467,0.280850843504968,0.315099082253838,-0.286266864000264,0.334911461134878,-0.00881696590988514,-0.0687393499413064,5,1,VVR1,3,410.59754601227
VVR1_4,28.3,8.66,3.25,139.85,4.16,0.05,783.4,693.6,948.8,615.4,956.8,787.8,777.4,677.8,679.8,1173.4,633,413.8,0.0674288440803964,0.2411302610524,0.216762092211428,-0.220400687463635,0.293765140738506,-0.0305734543312406,-0.0677861564836467,5,1,VVR1,4,612.44705527941
VVR1_5,29.7,8.85,7.57,80.05,3.65,0.05,881.2,945.4,1205.2,798.4,1168.6,917.6,936.4,775.4,753.4,1222.4,547.2,356.6,0.189521567645559,0.225355586335711,0.188016966312475,-0.201484503578202,0.388582479152878,-0.02840510583901,-0.0843604694467549,5,1,VVR1,5,643.150123631226
